2026-08-14 01:03:07,792 - INFO - main - Starting PAPER trading loop (real data)
2026-08-14 01:03:07,792 - INFO - main - Restored 0 open position(s) from previous session
2026-08-14 01:03:09,641 - INFO - monitor - Connected to wss://pumpportal.fun/api/data
2026-08-14 01:03:11,629 - WARNING - monitor - Token enrichment stub active: holder_concentration, dev_holding, volume_24h, and holders are not available from the free PumpPortal feed and are defaulted conservatively. Wire up a real enrichment API in TokenMonitor._enrich_token_data() for meaningful soft-filter scoring. (This warning is logged once.)
2026-08-14 01:07:53,897 - ERROR - monitor - WebSocket error: Connection timed out; attempting reconnect
2026-08-14 01:07:59,021 - INFO - monitor - Connected to wss://pumpportal.fun/api/data
2026-08-14 01:08:41,628 - ERROR - monitor - WebSocket error: Connection timed out; attempting reconnect
2026-08-14 01:08:42,865 - INFO - monitor - Connected to wss://pumpportal.fun/api/data
2026-08-14 01:14:37,225 - ERROR - monitor - WebSocket error: Connection timed out; attempting reconnect
2026-08-14 01:14:38,158 - INFO - monitor - Connected to wss://pumpportal.fun/api/data
2026-08-14 01:16:20,455 - ERROR - monitor - WebSocket error: Connection timed out; attempting reconnect
2026-08-14 01:16:21,430 - INFO - monitor - Connected to wss://pumpportal.fun/api/data
2026-08-14 01:21:09,559 - ERROR - monitor - WebSocket error: Connection timed out; attempting reconnect
2026-08-14 01:21:11,586 - INFO - monitor - Connected to wss://pumpportal.fun/api/data
2026-08-14 01:21:39,826 - ERROR - monitor - WebSocket error: Connection timed out; attempting reconnect
2026-08-14 01:21:40,795 - INFO - monitor - Connected to wss://pumpportal.fun/api/data
2026-08-14 01:22:05,756 - ERROR - monitor - WebSocket error: Connection timed out; attempting reconnect
2026-08-14 01:22:06,792 - INFO - monitor - Connected to wss://pumpportal.fun/api/data
2026-08-14 01:22:45,895 - INFO - main - Shutdown signal received (2); saving state...
2026-08-14 01:22:45,923 - INFO - state_manager - State saved: 0 open position(s)
2026-08-14 01:22:45,928 - INFO - state_manager - State saved: 0 open position(s)
2026-08-14 01:23:57,957 - INFO - main - Starting PAPER trading loop (real data)
2026-08-14 01:23:57,969 - INFO - state_manager - State loaded: 0 open position(s) restored
2026-08-14 01:23:57,969 - INFO - main - Restored 0 open position(s) from previous session
2026-08-14 01:23:59,188 - INFO - monitor - Connected to wss://pumpportal.fun/api/data
2026-08-14 01:23:59,188 - INFO - monitor - Subscribed to new token stream
2026-08-14 01:24:09,420 - ERROR - monitor - WebSocket error: Connection timed out; attempting reconnect
2026-08-14 01:24:10,615 - INFO - monitor - Connected to wss://pumpportal.fun/api/data
2026-08-14 01:24:10,616 - INFO - monitor - Subscribed to new token stream
2026-08-14 01:24:28,457 - ERROR - monitor - WebSocket error: Connection timed out; attempting reconnect
2026-08-14 01:24:29,492 - INFO - monitor - Connected to wss://pumpportal.fun/api/data
2026-08-14 01:24:29,493 - INFO - monitor - Subscribed to new token stream
2026-08-14 01:24:39,738 - ERROR - monitor - WebSocket error: Connection timed out; attempting reconnect
2026-08-14 01:24:40,732 - INFO - monitor - Connected to wss://pumpportal.fun/api/data
2026-08-14 01:24:40,734 - INFO - monitor - Subscribed to new token stream
2026-08-14 01:24:53,400 - ERROR - monitor - WebSocket error: Connection timed out; attempting reconnect
2026-08-14 01:24:54,670 - INFO - monitor - Connected to wss://pumpportal.fun/api/data
2026-08-14 01:24:54,671 - INFO - monitor - Subscribed to new token stream
2026-08-14 01:25:04,908 - ERROR - monitor - WebSocket error: Connection timed out; attempting reconnect
2026-08-14 01:25:05,989 - INFO - monitor - Connected to wss://pumpportal.fun/api/data
2026-08-14 01:25:05,990 - INFO - monitor - Subscribed to new token stream
2026-08-14 01:25:18,345 - ERROR - monitor - WebSocket error: Connection timed out; attempting reconnect
2026-08-14 01:25:19,354 - INFO - monitor - Connected to wss://pumpportal.fun/api/data
2026-08-14 01:25:19,355 - INFO - monitor - Subscribed to new token stream
2026-08-14 01:25:29,598 - ERROR - monitor - WebSocket error: Connection timed out; attempting reconnect
2026-08-14 01:25:30,996 - INFO - monitor - Connected to wss://pumpportal.fun/api/data
2026-08-14 01:25:30,996 - INFO - monitor - Subscribed to new token stream
2026-08-14 01:25:43,284 - ERROR - monitor - WebSocket error: Connection timed out; attempting reconnect
2026-08-14 01:25:44,179 - INFO - monitor - Connected to wss://pumpportal.fun/api/data
2026-08-14 01:25:44,179 - INFO - monitor - Subscribed to new token stream
2026-08-14 01:25:54,397 - ERROR - monitor - WebSocket error: Connection timed out; attempting reconnect
2026-08-14 01:25:55,402 - INFO - monitor - Connected to wss://pumpportal.fun/api/data
2026-08-14 01:25:55,403 - INFO - monitor - Subscribed to new token stream
2026-08-14 01:26:08,442 - ERROR - monitor - WebSocket error: Connection timed out; attempting reconnect
2026-08-14 01:26:09,519 - INFO - monitor - Connected to wss://pumpportal.fun/api/data
2026-08-14 01:26:09,521 - INFO - monitor - Subscribed to new token stream
2026-08-14 01:26:19,737 - ERROR - monitor - WebSocket error: Connection timed out; attempting reconnect
2026-08-14 01:26:20,762 - INFO - monitor - Connected to wss://pumpportal.fun/api/data
2026-08-14 01:26:20,764 - INFO - monitor - Subscribed to new token stream
2026-08-14 01:26:33,405 - ERROR - monitor - WebSocket error: Connection timed out; attempting reconnect
2026-08-14 01:26:34,424 - INFO - monitor - Connected to wss://pumpportal.fun/api/data
2026-08-14 01:26:34,425 - INFO - monitor - Subscribed to new token stream
2026-08-14 01:26:44,630 - ERROR - monitor - WebSocket error: Connection timed out; attempting reconnect
2026-08-14 01:26:46,537 - INFO - monitor - Connected to wss://pumpportal.fun/api/data
2026-08-14 01:26:46,538 - INFO - monitor - Subscribed to new token stream
2026-08-14 01:26:58,345 - ERROR - monitor - WebSocket error: Connection timed out; attempting reconnect
2026-08-14 01:26:59,304 - INFO - monitor - Connected to wss://pumpportal.fun/api/data
2026-08-14 01:26:59,305 - INFO - monitor - Subscribed to new token stream
2026-08-14 01:27:09,506 - ERROR - monitor - WebSocket error: Connection timed out; attempting reconnect
2026-08-14 01:27:10,433 - INFO - monitor - Connected to wss://pumpportal.fun/api/data
2026-08-14 01:27:10,434 - INFO - monitor - Subscribed to new token stream
2026-08-14 01:27:23,319 - ERROR - monitor - WebSocket error: Connection timed out; attempting reconnect
2026-08-14 01:27:24,329 - INFO - monitor - Connected to wss://pumpportal.fun/api/data
2026-08-14 01:27:24,329 - INFO - monitor - Subscribed to new token stream
2026-08-14 01:27:34,543 - ERROR - monitor - WebSocket error: Connection timed out; attempting reconnect
2026-08-14 01:27:40,654 - INFO - monitor - Connected to wss://pumpportal.fun/api/data
2026-08-14 01:27:40,655 - INFO - monitor - Subscribed to new token stream
2026-08-14 01:27:50,898 - ERROR - monitor - WebSocket error: Connection timed out; attempting reconnect
2026-08-14 01:27:51,927 - INFO - monitor - Connected to wss://pumpportal.fun/api/data
2026-08-14 01:27:51,928 - INFO - monitor - Subscribed to new token stream
2026-08-14 01:28:02,151 - ERROR - monitor - WebSocket error: Connection timed out; attempting reconnect
2026-08-14 01:28:03,175 - INFO - monitor - Connected to wss://pumpportal.fun/api/data
2026-08-14 01:28:03,176 - INFO - monitor - Subscribed to new token stream
2026-08-14 01:28:13,401 - ERROR - monitor - WebSocket error: Connection timed out; attempting reconnect
2026-08-14 01:28:14,325 - INFO - monitor - Connected to wss://pumpportal.fun/api/data
2026-08-14 01:28:14,326 - INFO - monitor - Subscribed to new token stream
2026-08-14 01:28:24,555 - ERROR - monitor - WebSocket error: Connection timed out; attempting reconnect
2026-08-14 01:28:25,480 - INFO - monitor - Connected to wss://pumpportal.fun/api/data
2026-08-14 01:28:25,480 - INFO - monitor - Subscribed to new token stream
2026-08-14 01:28:38,328 - ERROR - monitor - WebSocket error: Connection timed out; attempting reconnect
2026-08-14 01:28:39,290 - INFO - monitor - Connected to wss://pumpportal.fun/api/data
2026-08-14 01:28:39,291 - INFO - monitor - Subscribed to new token stream
2026-08-14 01:28:49,545 - ERROR - monitor - WebSocket error: Connection timed out; attempting reconnect
2026-08-14 01:28:50,575 - INFO - monitor - Connected to wss://pumpportal.fun/api/data
2026-08-14 01:28:50,576 - INFO - monitor - Subscribed to new token stream
2026-08-14 01:29:03,376 - ERROR - monitor - WebSocket error: Connection timed out; attempting reconnect
2026-08-14 01:29:04,455 - INFO - monitor - Connected to wss://pumpportal.fun/api/data
2026-08-14 01:29:04,456 - INFO - monitor - Subscribed to new token stream
2026-08-14 01:29:14,664 - ERROR - monitor - WebSocket error: Connection timed out; attempting reconnect
2026-08-14 01:29:15,983 - INFO - monitor - Connected to wss://pumpportal.fun/api/data
2026-08-14 01:29:15,984 - INFO - monitor - Subscribed to new token stream
2026-08-14 01:29:28,540 - ERROR - monitor - WebSocket error: Connection timed out; attempting reconnect
2026-08-14 01:29:29,576 - INFO - monitor - Connected to wss://pumpportal.fun/api/data
2026-08-14 01:29:29,577 - INFO - monitor - Subscribed to new token stream
2026-08-14 01:29:39,807 - ERROR - monitor - WebSocket error: Connection timed out; attempting reconnect
2026-08-14 01:29:40,867 - INFO - monitor - Connected to wss://pumpportal.fun/api/data
2026-08-14 01:29:40,868 - INFO - monitor - Subscribed to new token stream
2026-08-14 01:29:53,459 - ERROR - monitor - WebSocket error: Connection timed out; attempting reconnect
2026-08-14 01:29:54,584 - INFO - monitor - Connected to wss://pumpportal.fun/api/data
2026-08-14 01:29:54,586 - INFO - monitor - Subscribed to new token stream
2026-08-14 01:30:04,861 - ERROR - monitor - WebSocket error: Connection timed out; attempting reconnect
2026-08-14 01:30:05,990 - INFO - monitor - Connected to wss://pumpportal.fun/api/data
2026-08-14 01:30:05,991 - INFO - monitor - Subscribed to new token stream
2026-08-14 01:30:18,342 - ERROR - monitor - WebSocket error: Connection timed out; attempting reconnect
2026-08-14 01:30:21,194 - INFO - monitor - Connected to wss://pumpportal.fun/api/data
2026-08-14 01:30:21,195 - INFO - monitor - Subscribed to new token stream
2026-08-14 01:30:31,439 - ERROR - monitor - WebSocket error: Connection timed out; attempting reconnect
2026-08-14 01:30:32,503 - INFO - monitor - Connected to wss://pumpportal.fun/api/data
2026-08-14 01:30:32,503 - INFO - monitor - Subscribed to new token stream
2026-08-14 01:30:43,401 - ERROR - monitor - WebSocket error: Connection timed out; attempting reconnect
2026-08-14 01:30:44,545 - INFO - monitor - Connected to wss://pumpportal.fun/api/data
2026-08-14 01:30:44,545 - INFO - monitor - Subscribed to new token stream
2026-08-14 01:30:54,793 - ERROR - monitor - WebSocket error: Connection timed out; attempting reconnect
2026-08-14 01:30:55,843 - INFO - monitor - Connected to wss://pumpportal.fun/api/data
2026-08-14 01:30:55,843 - INFO - monitor - Subscribed to new token stream
2026-08-14 01:31:08,357 - ERROR - monitor - WebSocket error: Connection timed out; attempting reconnect
2026-08-14 01:31:09,389 - INFO - monitor - Connected to wss://pumpportal.fun/api/data
2026-08-14 01:31:09,390 - INFO - monitor - Subscribed to new token stream
2026-08-14 01:31:19,625 - ERROR - monitor - WebSocket error: Connection timed out; attempting reconnect
2026-08-14 01:31:20,795 - INFO - monitor - Connected to wss://pumpportal.fun/api/data
2026-08-14 01:31:20,795 - INFO - monitor - Subscribed to new token stream
2026-08-14 01:31:33,319 - ERROR - monitor - WebSocket error: Connection timed out; attempting reconnect
2026-08-14 01:31:34,399 - INFO - monitor - Connected to wss://pumpportal.fun/api/data
2026-08-14 01:31:34,400 - INFO - monitor - Subscribed to new token stream
2026-08-14 01:31:44,641 - ERROR - monitor - WebSocket error: Connection timed out; attempting reconnect
2026-08-14 01:31:45,725 - INFO - monitor - Connected to wss://pumpportal.fun/api/data
2026-08-14 01:31:45,726 - INFO - monitor - Subscribed to new token stream
2026-08-14 01:31:58,609 - ERROR - monitor - WebSocket error: Connection timed out; attempting reconnect
2026-08-14 01:31:59,702 - INFO - monitor - Connected to wss://pumpportal.fun/api/data
2026-08-14 01:31:59,703 - INFO - monitor - Subscribed to new token stream
2026-08-14 01:32:09,919 - ERROR - monitor - WebSocket error: Connection timed out; attempting reconnect
2026-08-14 01:32:11,225 - INFO - monitor - Connected to wss://pumpportal.fun/api/data
2026-08-14 01:32:11,225 - INFO - monitor - Subscribed to new token stream
2026-08-14 01:32:23,327 - ERROR - monitor - WebSocket error: Connection timed out; attempting reconnect
2026-08-14 01:32:24,526 - INFO - monitor - Connected to wss://pumpportal.fun/api/data
2026-08-14 01:32:24,527 - INFO - monitor - Subscribed to new token stream
2026-08-14 01:32:34,753 - ERROR - monitor - WebSocket error: Connection timed out; attempting reconnect
2026-08-14 01:32:35,788 - INFO - monitor - Connected to wss://pumpportal.fun/api/data
2026-08-14 01:32:35,788 - INFO - monitor - Subscribed to new token stream
2026-08-14 01:32:48,321 - ERROR - monitor - WebSocket error: Connection timed out; attempting reconnect
2026-08-14 01:32:49,400 - INFO - monitor - Connected to wss://pumpportal.fun/api/data
2026-08-14 01:32:49,401 - INFO - monitor - Subscribed to new token stream
2026-08-14 01:32:59,624 - ERROR - monitor - WebSocket error: Connection timed out; attempting reconnect
2026-08-14 01:33:00,722 - INFO - monitor - Connected to wss://pumpportal.fun/api/data
2026-08-14 01:33:00,723 - INFO - monitor - Subscribed to new token stream
2026-08-14 01:33:13,551 - ERROR - monitor - WebSocket error: Connection timed out; attempting reconnect
2026-08-14 01:33:14,579 - INFO - monitor - Connected to wss://pumpportal.fun/api/data
2026-08-14 01:33:14,580 - INFO - monitor - Subscribed to new token stream
2026-08-14 01:33:24,835 - ERROR - monitor - WebSocket error: Connection timed out; attempting reconnect
2026-08-14 01:33:25,942 - INFO - monitor - Connected to wss://pumpportal.fun/api/data
2026-08-14 01:33:25,943 - INFO - monitor - Subscribed to new token stream
2026-08-14 01:33:38,326 - ERROR - monitor - WebSocket error: Connection timed out; attempting reconnect
2026-08-14 01:33:39,293 - INFO - monitor - Connected to wss://pumpportal.fun/api/data
2026-08-14 01:33:39,294 - INFO - monitor - Subscribed to new token stream
2026-08-14 01:33:49,517 - ERROR - monitor - WebSocket error: Connection timed out; attempting reconnect
2026-08-14 01:33:50,822 - INFO - monitor - Connected to wss://pumpportal.fun/api/data
2026-08-14 01:33:50,823 - INFO - monitor - Subscribed to new token stream
2026-08-14 01:34:03,355 - ERROR - monitor - WebSocket error: Connection timed out; attempting reconnect
2026-08-14 01:34:05,451 - INFO - monitor - Connected to wss://pumpportal.fun/api/data
2026-08-14 01:34:05,453 - INFO - monitor - Subscribed to new token stream
2026-08-14 01:34:15,709 - ERROR - monitor - WebSocket error: Connection timed out; attempting reconnect
2026-08-14 01:34:16,658 - INFO - monitor - Connected to wss://pumpportal.fun/api/data
2026-08-14 01:34:16,658 - INFO - monitor - Subscribed to new token stream
2026-08-14 01:34:28,327 - ERROR - monitor - WebSocket error: Connection timed out; attempting reconnect
2026-08-14 01:34:29,294 - INFO - monitor - Connected to wss://pumpportal.fun/api/data
2026-08-14 01:34:29,296 - INFO - monitor - Subscribed to new token stream
2026-08-14 01:34:39,537 - ERROR - monitor - WebSocket error: Connection timed out; attempting reconnect
2026-08-14 01:34:40,598 - INFO - monitor - Connected to wss://pumpportal.fun/api/data
2026-08-14 01:34:40,599 - INFO - monitor - Subscribed to new token stream
2026-08-14 01:34:53,360 - ERROR - monitor - WebSocket error: Connection timed out; attempting reconnect
2026-08-14 01:34:54,440 - INFO - monitor - Connected to wss://pumpportal.fun/api/data
2026-08-14 01:34:54,440 - INFO - monitor - Subscribed to new token stream
2026-08-14 01:35:04,667 - ERROR - monitor - WebSocket error: Connection timed out; attempting reconnect
2026-08-14 01:35:05,760 - INFO - monitor - Connected to wss://pumpportal.fun/api/data
2026-08-14 01:35:05,761 - INFO - monitor - Subscribed to new token stream
2026-08-14 01:35:18,346 - ERROR - monitor - WebSocket error: Connection timed out; attempting reconnect
2026-08-14 01:35:19,649 - INFO - monitor - Connected to wss://pumpportal.fun/api/data
2026-08-14 01:35:19,650 - INFO - monitor - Subscribed to new token stream
2026-08-14 01:35:29,897 - ERROR - monitor - WebSocket error: Connection timed out; attempting reconnect
2026-08-14 01:35:30,963 - INFO - monitor - Connected to wss://pumpportal.fun/api/data
2026-08-14 01:35:30,964 - INFO - monitor - Subscribed to new token stream
2026-08-14 01:35:43,776 - ERROR - monitor - WebSocket error: Connection timed out; attempting reconnect
2026-08-14 01:35:44,722 - INFO - monitor - Connected to wss://pumpportal.fun/api/data
2026-08-14 01:35:44,722 - INFO - monitor - Subscribed to new token stream
2026-08-14 01:35:54,948 - ERROR - monitor - WebSocket error: Connection timed out; attempting reconnect
2026-08-14 01:35:55,983 - INFO - monitor - Connected to wss://pumpportal.fun/api/data
2026-08-14 01:35:55,985 - INFO - monitor - Subscribed to new token stream
2026-08-14 01:36:08,347 - ERROR - monitor - WebSocket error: Connection timed out; attempting reconnect
2026-08-14 01:36:09,356 - INFO - monitor - Connected to wss://pumpportal.fun/api/data
2026-08-14 01:36:09,358 - INFO - monitor - Subscribed to new token stream
2026-08-14 01:36:19,586 - ERROR - monitor - WebSocket error: Connection timed out; attempting reconnect
2026-08-14 01:36:21,117 - INFO - monitor - Connected to wss://pumpportal.fun/api/data
2026-08-14 01:36:21,118 - INFO - monitor - Subscribed to new token stream
2026-08-14 01:36:33,652 - ERROR - monitor - WebSocket error: Connection timed out; attempting reconnect
2026-08-14 01:36:34,729 - INFO - monitor - Connected to wss://pumpportal.fun/api/data
2026-08-14 01:36:34,730 - INFO - monitor - Subscribed to new token stream
2026-08-14 01:36:44,970 - ERROR - monitor - WebSocket error: Connection timed out; attempting reconnect
2026-08-14 01:36:45,995 - INFO - monitor - Connected to wss://pumpportal.fun/api/data
2026-08-14 01:36:45,996 - INFO - monitor - Subscribed to new token stream
2026-08-14 01:36:58,358 - ERROR - monitor - WebSocket error: Connection timed out; attempting reconnect
2026-08-14 01:36:59,377 - INFO - monitor - Connected to wss://pumpportal.fun/api/data
2026-08-14 01:36:59,377 - INFO - monitor - Subscribed to new token stream
2026-08-14 01:37:09,619 - ERROR - monitor - WebSocket error: Connection timed out; attempting reconnect
2026-08-14 01:37:10,708 - INFO - monitor - Connected to wss://pumpportal.fun/api/data
2026-08-14 01:37:10,710 - INFO - monitor - Subscribed to new token stream
2026-08-14 01:37:23,361 - ERROR - monitor - WebSocket error: Connection timed out; attempting reconnect
2026-08-14 01:37:24,419 - INFO - monitor - Connected to wss://pumpportal.fun/api/data
2026-08-14 01:37:24,420 - INFO - monitor - Subscribed to new token stream
2026-08-14 01:37:34,632 - ERROR - monitor - WebSocket error: Connection timed out; attempting reconnect
2026-08-14 01:37:35,643 - INFO - monitor - Connected to wss://pumpportal.fun/api/data
2026-08-14 01:37:35,643 - INFO - monitor - Subscribed to new token stream
2026-08-14 01:37:48,359 - ERROR - monitor - WebSocket error: Connection timed out; attempting reconnect
2026-08-14 01:37:49,408 - INFO - monitor - Connected to wss://pumpportal.fun/api/data
2026-08-14 01:37:49,409 - INFO - monitor - Subscribed to new token stream
2026-08-14 01:37:59,647 - ERROR - monitor - WebSocket error: Connection timed out; attempting reconnect
2026-08-14 01:38:00,902 - INFO - monitor - Connected to wss://pumpportal.fun/api/data
2026-08-14 01:38:00,904 - INFO - monitor - Subscribed to new token stream
2026-08-14 01:38:13,654 - ERROR - monitor - WebSocket error: Connection timed out; attempting reconnect
2026-08-14 01:38:14,719 - INFO - monitor - Connected to wss://pumpportal.fun/api/data
2026-08-14 01:38:14,720 - INFO - monitor - Subscribed to new token stream
2026-08-14 01:38:24,956 - ERROR - monitor - WebSocket error: Connection timed out; attempting reconnect
2026-08-14 01:38:26,926 - INFO - monitor - Connected to wss://pumpportal.fun/api/data
2026-08-14 01:38:26,927 - INFO - monitor - Subscribed to new token stream
2026-08-14 01:38:38,376 - ERROR - monitor - WebSocket error: Connection timed out; attempting reconnect
2026-08-14 01:38:39,971 - INFO - monitor - Connected to wss://pumpportal.fun/api/data
2026-08-14 01:38:39,972 - INFO - monitor - Subscribed to new token stream
2026-08-14 01:38:50,195 - ERROR - monitor - WebSocket error: Connection timed out; attempting reconnect
2026-08-14 01:38:51,169 - INFO - monitor - Connected to wss://pumpportal.fun/api/data
2026-08-14 01:38:51,170 - INFO - monitor - Subscribed to new token stream
2026-08-14 01:39:03,419 - ERROR - monitor - WebSocket error: Connection timed out; attempting reconnect
2026-08-14 01:39:04,468 - INFO - monitor - Connected to wss://pumpportal.fun/api/data
2026-08-14 01:39:04,469 - INFO - monitor - Subscribed to new token stream
2026-08-14 01:39:14,704 - ERROR - monitor - WebSocket error: Connection timed out; attempting reconnect
2026-08-14 01:39:16,340 - INFO - monitor - Connected to wss://pumpportal.fun/api/data
2026-08-14 01:39:16,341 - INFO - monitor - Subscribed to new token stream
2026-08-14 01:39:28,586 - ERROR - monitor - WebSocket error: Connection timed out; attempting reconnect
2026-08-14 01:39:29,600 - INFO - monitor - Connected to wss://pumpportal.fun/api/data
2026-08-14 01:39:29,601 - INFO - monitor - Subscribed to new token stream
2026-08-14 01:39:39,822 - ERROR - monitor - WebSocket error: Connection timed out; attempting reconnect
2026-08-14 01:39:40,809 - INFO - monitor - Connected to wss://pumpportal.fun/api/data
2026-08-14 01:39:40,809 - INFO - monitor - Subscribed to new token stream
2026-08-14 01:39:53,467 - ERROR - monitor - WebSocket error: Connection timed out; attempting reconnect
2026-08-14 01:39:55,877 - INFO - monitor - Connected to wss://pumpportal.fun/api/data
2026-08-14 01:39:55,878 - INFO - monitor - Subscribed to new token stream
2026-08-14 01:40:06,138 - ERROR - monitor - WebSocket error: Connection timed out; attempting reconnect
2026-08-14 01:40:07,241 - INFO - monitor - Connected to wss://pumpportal.fun/api/data
2026-08-14 01:40:07,241 - INFO - monitor - Subscribed to new token stream
2026-08-14 01:40:18,363 - ERROR - monitor - WebSocket error: Connection timed out; attempting reconnect
2026-08-14 01:40:19,401 - INFO - monitor - Connected to wss://pumpportal.fun/api/data
2026-08-14 01:40:19,409 - INFO - monitor - Subscribed to new token stream
2026-08-14 01:40:29,662 - ERROR - monitor - WebSocket error: Connection timed out; attempting reconnect
2026-08-14 01:40:34,935 - INFO - monitor - Connected to wss://pumpportal.fun/api/data
2026-08-14 01:40:34,936 - INFO - monitor - Subscribed to new token stream
2026-08-14 01:40:45,181 - ERROR - monitor - WebSocket error: Connection timed out; attempting reconnect
2026-08-14 01:40:46,159 - INFO - monitor - Connected to wss://pumpportal.fun/api/data
2026-08-14 01:40:46,160 - INFO - monitor - Subscribed to new token stream
2026-08-14 01:40:56,381 - ERROR - monitor - WebSocket error: Connection timed out; attempting reconnect
2026-08-14 01:40:57,307 - INFO - monitor - Connected to wss://pumpportal.fun/api/data
2026-08-14 01:40:57,307 - INFO - monitor - Subscribed to new token stream
2026-08-14 01:41:08,355 - ERROR - monitor - WebSocket error: Connection timed out; attempting reconnect
2026-08-14 01:41:09,408 - INFO - monitor - Connected to wss://pumpportal.fun/api/data
2026-08-14 01:41:09,408 - INFO - monitor - Subscribed to new token stream
2026-08-14 01:41:19,638 - ERROR - monitor - WebSocket error: Connection timed out; attempting reconnect
2026-08-14 01:41:20,667 - INFO - monitor - Connected to wss://pumpportal.fun/api/data
2026-08-14 01:41:20,668 - INFO - monitor - Subscribed to new token stream
2026-08-14 01:41:33,376 - ERROR - monitor - WebSocket error: Connection timed out; attempting reconnect
2026-08-14 01:41:34,432 - INFO - monitor - Connected to wss://pumpportal.fun/api/data
2026-08-14 01:41:34,433 - INFO - monitor - Subscribed to new token stream
2026-08-14 01:41:44,703 - ERROR - monitor - WebSocket error: Connection timed out; attempting reconnect
2026-08-14 01:41:45,772 - INFO - monitor - Connected to wss://pumpportal.fun/api/data
2026-08-14 01:41:45,773 - INFO - monitor - Subscribed to new token stream
2026-08-14 01:41:58,380 - ERROR - monitor - WebSocket error: Connection timed out; attempting reconnect
2026-08-14 01:41:59,402 - INFO - monitor - Connected to wss://pumpportal.fun/api/data
2026-08-14 01:41:59,403 - INFO - monitor - Subscribed to new token stream
2026-08-14 01:42:09,640 - ERROR - monitor - WebSocket error: Connection timed out; attempting reconnect
2026-08-14 01:42:10,721 - INFO - monitor - Connected to wss://pumpportal.fun/api/data
2026-08-14 01:42:10,721 - INFO - monitor - Subscribed to new token stream
2026-08-14 01:42:17,715 - INFO - main - Shutdown signal received (2); saving state...
2026-08-14 01:42:17,728 - INFO - state_manager - State saved: 0 open position(s)
2026-08-14 01:42:17,733 - INFO - state_manager - State saved: 0 open position(s)
2026-08-14 01:44:08,410 - INFO - main - Starting PAPER trading loop (real data)
2026-08-14 01:44:08,422 - INFO - state_manager - State loaded: 0 open position(s) restored
2026-08-14 01:44:08,422 - INFO - main - Restored 0 open position(s) from previous session
2026-08-14 01:44:10,863 - INFO - monitor - Connected to wss://pumpportal.fun/api/data
2026-08-14 01:44:10,864 - INFO - monitor - Subscribed to new token stream
2026-08-14 01:44:28,426 - ERROR - monitor - WebSocket error: Connection timed out; attempting reconnect
2026-08-14 01:44:31,514 - INFO - monitor - Connected to wss://pumpportal.fun/api/data
2026-08-14 01:44:31,515 - INFO - monitor - Subscribed to new token stream
2026-08-14 01:44:41,755 - ERROR - monitor - WebSocket error: Connection timed out; attempting reconnect
2026-08-14 01:44:42,801 - INFO - monitor - Connected to wss://pumpportal.fun/api/data
2026-08-14 01:44:42,801 - INFO - monitor - Subscribed to new token stream
2026-08-14 01:44:53,385 - ERROR - monitor - WebSocket error: Connection timed out; attempting reconnect
2026-08-14 01:44:54,453 - INFO - monitor - Connected to wss://pumpportal.fun/api/data
2026-08-14 01:44:54,454 - INFO - monitor - Subscribed to new token stream
2026-08-14 01:45:04,680 - ERROR - monitor - WebSocket error: Connection timed out; attempting reconnect
2026-08-14 01:45:05,721 - INFO - monitor - Connected to wss://pumpportal.fun/api/data
2026-08-14 01:45:05,721 - INFO - monitor - Subscribed to new token stream
2026-08-14 01:45:18,581 - ERROR - monitor - WebSocket error: Connection timed out; attempting reconnect
2026-08-14 01:45:19,611 - INFO - monitor - Connected to wss://pumpportal.fun/api/data
2026-08-14 01:45:19,613 - INFO - monitor - Subscribed to new token stream
2026-08-14 01:45:20,841 - INFO - main - Shutdown signal received (2); saving state...
2026-08-14 01:45:20,847 - INFO - state_manager - State saved: 0 open position(s)
2026-08-14 01:45:20,854 - INFO - state_manager - State saved: 0 open position(s)
2026-08-14 01:48:39,281 - INFO - main - Starting PAPER trading loop (real data)
2026-08-14 01:48:39,282 - INFO - state_manager - State loaded: 0 open position(s) restored
2026-08-14 01:48:39,282 - INFO - main - Restored 0 open position(s) from previous session
2026-08-14 01:48:43,436 - INFO - monitor - Connected to wss://pumpportal.fun/api/data
2026-08-14 01:48:43,437 - INFO - monitor - Sent subscription: {'type':'subscribeNewToken'}
2026-08-14 01:53:17,747 - INFO - main - Shutdown signal received (2); saving state...
2026-08-14 01:53:17,755 - INFO - state_manager - State saved: 0 open position(s)
2026-08-14 01:53:17,762 - INFO - state_manager - State saved: 0 open position(s)
2026-08-14 01:53:24,942 - INFO - main - Starting PAPER trading loop (real data)
2026-08-14 01:53:24,959 - INFO - state_manager - State loaded: 0 open position(s) restored
2026-08-14 01:53:24,959 - INFO - main - Restored 0 open position(s) from previous session
2026-08-14 01:53:25,815 - INFO - monitor - Connected to wss://pumpportal.fun/api/data
2026-08-14 01:53:25,815 - INFO - monitor - Sent subscription: {'type':'subscribeNewToken'}
2026-08-14 01:58:12,604 - INFO - main - Shutdown signal received (2); saving state...
2026-08-14 01:58:12,610 - INFO - state_manager - State saved: 0 open position(s)
2026-08-14 01:58:12,618 - INFO - state_manager - State saved: 0 open position(s)
2026-08-14 01:58:25,472 - INFO - main - Starting PAPER trading loop (real data)
2026-08-14 01:58:25,493 - INFO - state_manager - State loaded: 0 open position(s) restored
2026-08-14 01:58:25,493 - INFO - main - Restored 0 open position(s) from previous session
2026-08-14 01:58:26,581 - INFO - monitor - Connected to wss://pumpportal.fun/api/data
2026-08-14 01:58:26,582 - INFO - monitor - Sent subscription: {'type':'subscribeNewToken'}
2026-08-14 01:58:26,586 - INFO - monitor - WebSocket connection active
2026-08-14 02:10:17,584 - INFO - main - Shutdown signal received (2); saving state...
2026-08-14 02:10:17,592 - INFO - state_manager - State saved: 0 open position(s)
2026-08-14 02:10:17,600 - INFO - state_manager - State saved: 0 open position(s)
2026-08-14 02:14:24,849 - INFO - main - Starting PAPER trading loop (real data)
2026-08-14 02:14:24,860 - INFO - state_manager - State loaded: 0 open position(s) restored
2026-08-14 02:14:24,860 - INFO - main - Restored 0 open position(s) from previous session
2026-08-14 02:14:24,861 - INFO - monitor - Paper trading mode – using REST fallback only (WebSocket disabled)
2026-08-14 02:14:24,863 - INFO - monitor - REST poll loop is running
2026-08-14 02:14:24,864 - INFO - monitor - REST fallback thread started (polls every 10 seconds)
2026-08-14 02:14:26,332 - INFO - monitor - REST added token: 9593dFjs... @ $0.00225500
2026-08-14 02:14:26,335 - INFO - monitor - REST added token: C2QDb3aV... @ $0.00268700
2026-08-14 02:14:26,335 - INFO - monitor - REST added token: 6Jc7JsWn... @ $0.00687900
2026-08-14 02:14:26,336 - INFO - monitor - REST added token: 0xFbD40b... @ $0.00287700
2026-08-14 02:14:26,337 - INFO - monitor - REST added token: 0xf2311C... @ $0.00183900
2026-08-14 02:14:26,337 - INFO - monitor - REST added token: 0xF133B7... @ $0.00158300
2026-08-14 02:14:26,338 - INFO - monitor - REST added token: Eg8uZs9R... @ $0.00680700
2026-08-14 02:14:26,339 - INFO - monitor - REST added token: 0xbD4bF0... @ $0.00000471
2026-08-14 02:14:26,340 - INFO - monitor - REST added token: 7v1hhtPk... @ $0.00000679
2026-08-14 02:14:26,341 - INFO - monitor - REST added token: CpLdd5Zy... @ $0.00000407
2026-08-14 02:14:26,342 - INFO - monitor - REST added 5 token(s) to queue
2026-08-14 02:14:26,343 - INFO - monitor - REST added 5 token(s) to queue
2026-08-14 02:14:27,510 - INFO - monitor - REST added token: 0x311935... @ $75.90000000
2026-08-14 02:14:27,511 - INFO - monitor - REST added token: GqR98CsE... @ $85.48000000
2026-08-14 02:14:27,514 - INFO - monitor - REST added token: sosd5Q3D... @ $143.20000000
2026-08-14 02:14:27,515 - INFO - monitor - REST added token: ALAcK3Ds... @ $86.52000000
2026-08-14 02:14:27,516 - INFO - monitor - REST added token: BCWd9Gw3... @ $84.29000000
2026-08-14 02:14:27,523 - INFO - monitor - REST added token: DWCj1WhL... @ $84.54000000
2026-08-14 02:14:27,523 - INFO - monitor - REST added token: 7AEEdoP2... @ $85.01900000
2026-08-14 02:14:27,523 - INFO - monitor - REST added token: 5XXn2PCJ... @ $87.58000000
2026-08-14 02:14:27,524 - INFO - monitor - REST added token: sokhCSmz... @ $92.43000000
2026-08-14 02:14:27,526 - INFO - monitor - REST added token: SooEj828... @ $78.36000000
2026-08-14 02:14:27,526 - INFO - monitor - REST added token: A9ecbzft... @ $79.82000000
2026-08-14 02:14:27,527 - INFO - monitor - REST added token: 672ArEjP... @ $81.10000000
2026-08-14 02:14:27,527 - INFO - monitor - REST added token: 8F8FLuwv... @ $83.42000000
2026-08-14 02:14:27,528 - INFO - monitor - REST added 9 token(s) to queue
2026-08-14 02:14:27,532 - INFO - monitor - REST added 14 token(s) to queue
2026-08-14 02:14:28,739 - INFO - monitor - REST added token: HxQhDGYq... @ $0.00353100
2026-08-14 02:14:28,740 - INFO - monitor - REST added token: 6GmAFSYs... @ $0.01065000
2026-08-14 02:14:28,741 - INFO - monitor - REST added token: 8XtRWb4u... @ $0.00369100
2026-08-14 02:14:28,741 - INFO - monitor - REST added token: DKu9kykS... @ $0.01414000
2026-08-14 02:14:28,742 - INFO - monitor - REST added token: Dz9mQ9Nz... @ $0.03806000
2026-08-14 02:14:28,743 - INFO - monitor - REST added token: CARDSccU... @ $0.16210000
2026-08-14 02:14:28,743 - INFO - monitor - REST added token: 4kjruqGH... @ $0.00177200
2026-08-14 02:14:28,744 - INFO - monitor - REST added token: HzeMky3Q... @ $0.00012500
2026-08-14 02:14:28,745 - INFO - monitor - REST added token: pumpCmXq... @ $0.00288600
2026-08-14 02:14:28,746 - INFO - monitor - REST added token: ukHH6c7m... @ $0.00075000
2026-08-14 02:14:28,748 - INFO - monitor - REST added token: 9BB6NFEc... @ $0.14270000
2026-08-14 02:14:28,748 - INFO - monitor - REST added 20 token(s) to queue
2026-08-14 02:14:41,855 - INFO - monitor - REST added token: 4N4DnNo3... @ $0.00439500
2026-08-14 02:14:41,856 - INFO - monitor - REST added token: HKJHsYJH... @ $0.00609500
2026-08-14 02:14:41,856 - INFO - monitor - REST added token: 4k3Dyjzv... @ $0.62430000
2026-08-14 02:14:41,856 - INFO - monitor - REST added token: Df6yfrKC... @ $0.01094000
2026-08-14 02:14:41,857 - INFO - monitor - REST added token: 8xH8ikqG... @ $0.00046140
2026-08-14 02:14:41,857 - INFO - monitor - REST added token: 5XyKkFaJ... @ $0.00127500
2026-08-14 02:14:41,857 - INFO - monitor - REST added token: 5Jr9hGmJ... @ $0.00715600
2026-08-14 02:14:41,857 - INFO - monitor - REST added token: 2qEHjDLD... @ $0.04146000
2026-08-14 02:14:41,858 - INFO - monitor - REST added token: DtR4D9Ft... @ $0.01000000
2026-08-14 02:14:41,858 - INFO - monitor - REST added 9 token(s) to queue
2026-08-14 02:15:30,584 - INFO - execution - [PAPER] BUY pumpCmXqMfrsAkQ5r49WcJnRayYRqmXz6ae8H7H9Dfn @ 0.002886 size=$5.00
2026-08-14 02:15:30,585 - INFO - main - Opened position pumpCmXqMfrsAkQ5r49WcJnRayYRqmXz6ae8H7H9Dfn @ 0.002886 size=$5.00
2026-08-14 02:15:32,611 - INFO - execution - [PAPER] BUY ukHH6c7mMyiWCf1b9pnWe25TSpkDDt3H5pQZgZ74J82 @ 0.00075 size=$5.00
2026-08-14 02:15:32,612 - INFO - main - Opened position ukHH6c7mMyiWCf1b9pnWe25TSpkDDt3H5pQZgZ74J82 @ 0.00075 size=$5.00
2026-08-14 02:15:34,620 - INFO - execution - [PAPER] BUY 9BB6NFEcjBCtnNLFko2FqVQBq8HHM13kCyYcdQbgpump @ 0.1427 size=$5.00
2026-08-14 02:15:34,621 - INFO - main - Opened position 9BB6NFEcjBCtnNLFko2FqVQBq8HHM13kCyYcdQbgpump @ 0.1427 size=$5.00
2026-08-14 02:15:42,624 - INFO - main - Trade skipped for Df6yfrKC8kZE3KNkrHERKzAetSxbrWeniQfyJY4Jpump: max concurrent positions reached
2026-08-14 02:15:44,625 - INFO - main - Trade skipped for 8xH8ikqGXNTSYmmUVakCE2tVwU7aYJwz2JZkqAjW88sG: max concurrent positions reached
2026-08-14 02:15:46,626 - INFO - main - Trade skipped for 5XyKkFaJpAmsH4Tf2EFj3S61W3hC5cJhxNZQQ5h1pump: max concurrent positions reached
2026-08-14 02:15:48,629 - INFO - main - Trade skipped for 5Jr9hGmJgxBRjjF8XGcGgQzXUdsbpZNNMpigEv8Wpump: max concurrent positions reached
2026-08-14 02:15:50,631 - INFO - main - Trade skipped for 2qEHjDLDLbuBgRYvsxhc5D6uDWAivNFZGan56P1tpump: max concurrent positions reached
2026-08-14 02:15:52,633 - INFO - main - Trade skipped for DtR4D9FtVoTX2569gaL837ZgrB6wNjj6tkmnX9Rdk9B2: max concurrent positions reached
2026-08-14 02:30:31,200 - INFO - execution - [PAPER] SELL pumpCmXqMfrsAkQ5r49WcJnRayYRqmXz6ae8H7H9Dfn @ 0.002886 amount=$4.07 reason=TIMEOUT
2026-08-14 02:30:31,215 - WARNING - execution - High slippage estimated: 204.27%
2026-08-14 02:30:31,236 - INFO - risk_manager - Trade closed: PnL=$0.00 | Capital=$100.00 | ConsecutiveLosses=0
2026-08-14 02:30:31,255 - INFO - state_manager - State saved: 2 open position(s)
2026-08-14 02:30:33,282 - INFO - execution - [PAPER] SELL ukHH6c7mMyiWCf1b9pnWe25TSpkDDt3H5pQZgZ74J82 @ 0.00075 amount=$4.63 reason=TIMEOUT
2026-08-14 02:30:33,287 - WARNING - execution - High slippage estimated: 232.72%
2026-08-14 02:30:33,293 - INFO - risk_manager - Trade closed: PnL=$0.00 | Capital=$100.00 | ConsecutiveLosses=0
2026-08-14 02:30:33,300 - INFO - state_manager - State saved: 1 open position(s)
2026-08-14 02:30:35,319 - INFO - execution - [PAPER] SELL 9BB6NFEcjBCtnNLFko2FqVQBq8HHM13kCyYcdQbgpump @ 0.1427 amount=$4.67 reason=TIMEOUT
2026-08-14 02:30:35,320 - WARNING - execution - High slippage estimated: 234.55%
2026-08-14 02:30:35,329 - INFO - risk_manager - Trade closed: PnL=$0.00 | Capital=$100.00 | ConsecutiveLosses=0
2026-08-14 02:30:35,341 - INFO - state_manager - State saved: 0 open position(s)
2026-08-14 02:34:28,567 - INFO - main - Shutdown signal received (2); saving state...
2026-08-14 02:34:28,574 - INFO - state_manager - State saved: 0 open position(s)
2026-08-14 02:34:28,591 - INFO - state_manager - State saved: 0 open position(s)
2026-08-14 02:35:52,498 - INFO - main - Starting PAPER trading loop (real data)
2026-08-14 02:35:52,527 - INFO - state_manager - State loaded: 0 open position(s) restored
2026-08-14 02:35:52,527 - INFO - main - Restored 0 open position(s) from previous session
2026-08-14 02:35:52,528 - INFO - monitor - Paper trading mode – REST discovery + real-time price polling
2026-08-14 02:35:52,530 - INFO - monitor - REST fallback thread started (polls every 10 seconds for new tokens)
2026-08-14 02:35:54,165 - INFO - monitor - REST added token: 9593dFjs... @ $0.00225500
2026-08-14 02:35:54,165 - INFO - monitor - REST added token: C2QDb3aV... @ $0.00268700
2026-08-14 02:35:54,166 - INFO - monitor - REST added token: 6Jc7JsWn... @ $0.00687900
2026-08-14 02:35:54,167 - INFO - monitor - REST added token: 0xFbD40b... @ $0.00294200
2026-08-14 02:35:54,167 - INFO - monitor - REST added token: 0xf2311C... @ $0.00183900
2026-08-14 02:35:54,167 - INFO - monitor - REST added token: 0xF133B7... @ $0.00158300
2026-08-14 02:35:54,167 - INFO - monitor - REST added token: Eg8uZs9R... @ $0.00680700
2026-08-14 02:35:54,167 - INFO - monitor - REST added token: 0xbD4bF0... @ $0.00000471
2026-08-14 02:35:54,168 - INFO - monitor - REST added token: 7v1hhtPk... @ $0.00000679
2026-08-14 02:35:54,168 - INFO - monitor - REST added token: CpLdd5Zy... @ $0.00000407
2026-08-14 02:35:54,168 - INFO - monitor - REST added 6 token(s) to queue
2026-08-14 02:35:54,168 - INFO - monitor - REST added 4 token(s) to queue
2026-08-14 02:35:55,326 - INFO - monitor - REST added token: 0x311935... @ $75.94000000
2026-08-14 02:35:55,328 - INFO - monitor - REST added token: GqR98CsE... @ $85.48000000
2026-08-14 02:35:55,333 - INFO - monitor - REST added token: sosd5Q3D... @ $143.20000000
2026-08-14 02:35:55,334 - INFO - monitor - REST added token: 5XXn2PCJ... @ $87.58000000
2026-08-14 02:35:55,334 - INFO - monitor - REST added token: BCWd9Gw3... @ $84.29000000
2026-08-14 02:35:55,335 - INFO - monitor - REST added token: 7AEEdoP2... @ $85.01900000
2026-08-14 02:35:55,335 - INFO - monitor - REST added token: DWCj1WhL... @ $84.54000000
2026-08-14 02:35:55,336 - INFO - monitor - REST added token: ALAcK3Ds... @ $86.52000000
2026-08-14 02:35:55,336 - INFO - monitor - REST added token: sokhCSmz... @ $92.43000000
2026-08-14 02:35:55,336 - INFO - monitor - REST added token: 672ArEjP... @ $81.10000000
2026-08-14 02:35:55,337 - INFO - monitor - REST added token: A9ecbzft... @ $79.82000000
2026-08-14 02:35:55,337 - INFO - monitor - REST added token: SooEj828... @ $78.36000000
2026-08-14 02:35:55,338 - INFO - monitor - REST added token: 8F8FLuwv... @ $83.42000000
2026-08-14 02:35:55,338 - INFO - monitor - REST added 13 token(s) to queue
2026-08-14 02:35:55,338 - INFO - monitor - REST added 10 token(s) to queue
2026-08-14 02:35:57,372 - INFO - monitor - REST added token: HxQhDGYq... @ $0.00364200
2026-08-14 02:35:57,375 - INFO - monitor - REST added token: 6GmAFSYs... @ $0.01044000
2026-08-14 02:35:57,376 - INFO - monitor - REST added token: 8XtRWb4u... @ $0.00380100
2026-08-14 02:35:57,377 - INFO - monitor - REST added token: DKu9kykS... @ $0.01447000
2026-08-14 02:35:57,377 - INFO - monitor - REST added token: Dz9mQ9Nz... @ $0.03797000
2026-08-14 02:35:57,378 - INFO - monitor - REST added token: CARDSccU... @ $0.16210000
2026-08-14 02:35:57,378 - INFO - monitor - REST added token: 4kjruqGH... @ $0.00176600
2026-08-14 02:35:57,379 - INFO - monitor - REST added token: HzeMky3Q... @ $0.00012480
2026-08-14 02:35:57,380 - INFO - monitor - REST added token: pumpCmXq... @ $0.00296300
2026-08-14 02:35:57,381 - INFO - monitor - REST added token: ukHH6c7m... @ $0.00076020
2026-08-14 02:35:57,382 - INFO - monitor - REST added token: 9BB6NFEc... @ $0.14140000
2026-08-14 02:35:57,383 - INFO - monitor - REST added token: HKJHsYJH... @ $0.00609300
2026-08-14 02:35:57,383 - INFO - monitor - REST added token: 4k3Dyjzv... @ $0.62400000
2026-08-14 02:35:57,385 - INFO - monitor - REST added token: 4N4DnNo3... @ $0.00390700
2026-08-14 02:35:57,385 - INFO - monitor - REST added token: Df6yfrKC... @ $0.01089000
2026-08-14 02:35:57,386 - INFO - monitor - REST added 20 token(s) to queue
2026-08-14 02:35:57,387 - INFO - monitor - REST added token: 8xH8ikqG... @ $0.00044880
2026-08-14 02:35:57,395 - INFO - monitor - REST added token: 5XyKkFaJ... @ $0.00125900
2026-08-14 02:35:57,395 - INFO - monitor - REST added 20 token(s) to queue
2026-08-14 02:36:10,824 - INFO - monitor - REST added token: 2qEHjDLD... @ $0.04136000
2026-08-14 02:36:10,824 - INFO - monitor - REST added token: 5Jr9hGmJ... @ $0.00680400
2026-08-14 02:36:10,825 - INFO - monitor - REST added token: DtR4D9Ft... @ $0.00997100
2026-08-14 02:36:10,826 - INFO - monitor - REST added 3 token(s) to queue
2026-08-14 02:36:57,438 - INFO - execution - [PAPER] BUY HzeMky3Qw4jw5pzgm6n6NxqvbynFkwE4NZwMdByAQZqa @ 0.0001248 size=$5.00
2026-08-14 02:36:57,438 - INFO - main - Opened position HzeMky3Qw4jw5pzgm6n6NxqvbynFkwE4NZwMdByAQZqa @ 0.0001248 size=$5.00
2026-08-14 02:37:00,659 - INFO - execution - [PAPER] BUY pumpCmXqMfrsAkQ5r49WcJnRayYRqmXz6ae8H7H9Dfn @ 0.002963 size=$5.00
2026-08-14 02:37:00,659 - INFO - main - Opened position pumpCmXqMfrsAkQ5r49WcJnRayYRqmXz6ae8H7H9Dfn @ 0.002963 size=$5.00
2026-08-14 02:37:03,671 - INFO - execution - [PAPER] BUY ukHH6c7mMyiWCf1b9pnWe25TSpkDDt3H5pQZgZ74J82 @ 0.0007602 size=$5.00
2026-08-14 02:37:03,672 - INFO - main - Opened position ukHH6c7mMyiWCf1b9pnWe25TSpkDDt3H5pQZgZ74J82 @ 0.0007602 size=$5.00
2026-08-14 02:37:08,020 - INFO - main - Trade skipped for 9BB6NFEcjBCtnNLFko2FqVQBq8HHM13kCyYcdQbgpump: max concurrent positions reached
2026-08-14 02:37:11,229 - INFO - main - Trade skipped for HKJHsYJHMVK5VRyHHk5GhvzY9tBAAtPvDkZfDH6RLDTd: max concurrent positions reached
2026-08-14 02:37:15,482 - INFO - main - Trade skipped for 4k3Dyjzvzp8eMZWUXbBCjEvwSkkk59S5iCNLY3QrkX6R: max concurrent positions reached
2026-08-14 02:37:18,583 - INFO - main - Trade skipped for 4N4DnNo3qpPks9aQCkcWkzoir8tnvT6diS4TnnZibonk: max concurrent positions reached
2026-08-14 02:37:22,700 - INFO - main - Trade skipped for Df6yfrKC8kZE3KNkrHERKzAetSxbrWeniQfyJY4Jpump: max concurrent positions reached
2026-08-14 02:37:25,732 - INFO - main - Trade skipped for 8xH8ikqGXNTSYmmUVakCE2tVwU7aYJwz2JZkqAjW88sG: max concurrent positions reached
2026-08-14 02:37:29,911 - INFO - main - Trade skipped for 5XyKkFaJpAmsH4Tf2EFj3S61W3hC5cJhxNZQQ5h1pump: max concurrent positions reached
2026-08-14 02:37:33,007 - INFO - main - Trade skipped for 2qEHjDLDLbuBgRYvsxhc5D6uDWAivNFZGan56P1tpump: max concurrent positions reached
2026-08-14 02:37:37,249 - INFO - main - Trade skipped for 5Jr9hGmJgxBRjjF8XGcGgQzXUdsbpZNNMpigEv8Wpump: max concurrent positions reached
2026-08-14 02:37:40,302 - INFO - main - Trade skipped for DtR4D9FtVoTX2569gaL837ZgrB6wNjj6tkmnX9Rdk9B2: max concurrent positions reached
2026-08-14 02:39:48,438 - INFO - main - Shutdown signal received (2); saving state...
2026-08-14 02:39:48,445 - INFO - state_manager - State saved: 3 open position(s)
2026-08-14 02:39:48,454 - INFO - state_manager - State saved: 3 open position(s)
2026-08-14 02:40:13,848 - INFO - main - Initializing MemeBot...
2026-08-14 02:41:21,881 - INFO - main - Initializing MemeBot...
2026-08-14 02:42:55,535 - INFO - main - Initializing MemeBot...
2026-08-14 02:42:55,553 - INFO - state_manager - State loaded: 3 open position(s) restored
2026-08-14 02:43:59,363 - INFO - main - Initializing MemeBot...
2026-08-14 02:43:59,365 - INFO - state_manager - State loaded: 3 open position(s) restored
2026-08-14 02:47:52,797 - INFO - main - Initializing MemeBot...
2026-08-14 02:49:29,206 - INFO - main - Initializing MemeBot...
2026-08-14 02:49:29,207 - INFO - main - Restored position HzeMky3Q @ 0.00012480
2026-08-14 02:49:29,208 - INFO - main - Restored position pumpCmXq @ 0.00296300
2026-08-14 02:49:29,208 - INFO - main - Restored position ukHH6c7m @ 0.00076020
2026-08-14 02:49:29,208 - INFO - main - Starting PAPER trading loop (real data)
2026-08-14 02:49:29,208 - INFO - monitor - Paper trading mode – REST discovery + real-time price polling
2026-08-14 02:49:29,210 - INFO - monitor - REST fallback thread started (polls every 10 seconds for new tokens)
2026-08-14 02:49:30,706 - INFO - monitor - REST added token: 9593dFjs... @ $0.00225500
2026-08-14 02:49:30,707 - INFO - monitor - REST added token: C2QDb3aV... @ $0.00268700
2026-08-14 02:49:30,708 - INFO - monitor - REST added token: 6Jc7JsWn... @ $0.00687900
2026-08-14 02:49:30,708 - INFO - monitor - REST added token: 0xFbD40b... @ $0.00295300
2026-08-14 02:49:30,709 - INFO - monitor - REST added token: 0xf2311C... @ $0.00183900
2026-08-14 02:49:30,710 - INFO - monitor - REST added token: 0xF133B7... @ $0.00158300
2026-08-14 02:49:30,710 - INFO - monitor - REST added token: Eg8uZs9R... @ $0.00680700
2026-08-14 02:49:30,711 - INFO - monitor - REST added token: 0xbD4bF0... @ $0.00000471
2026-08-14 02:49:30,711 - INFO - monitor - REST added token: 7v1hhtPk... @ $0.00000679
2026-08-14 02:49:30,712 - INFO - monitor - REST added token: CpLdd5Zy... @ $0.00000407
2026-08-14 02:49:30,714 - INFO - monitor - REST added 10 token(s) to queue
2026-08-14 02:49:31,796 - INFO - monitor - REST added token: 0x311935... @ $76.05500000
2026-08-14 02:49:31,797 - INFO - monitor - REST added token: GqR98CsE... @ $85.48000000
2026-08-14 02:49:31,798 - INFO - monitor - REST added token: sosd5Q3D... @ $143.20000000
2026-08-14 02:49:31,798 - INFO - monitor - REST added token: ALAcK3Ds... @ $86.52000000
2026-08-14 02:49:31,799 - INFO - monitor - REST added token: 5XXn2PCJ... @ $87.58000000
2026-08-14 02:49:31,800 - INFO - monitor - REST added token: 7AEEdoP2... @ $85.01900000
2026-08-14 02:49:31,801 - INFO - monitor - REST added token: DWCj1WhL... @ $84.54000000
2026-08-14 02:49:31,801 - INFO - monitor - REST added token: BCWd9Gw3... @ $84.29000000
2026-08-14 02:49:31,802 - INFO - monitor - REST added token: SooEj828... @ $78.36000000
2026-08-14 02:49:31,803 - INFO - monitor - REST added token: A9ecbzft... @ $79.82000000
2026-08-14 02:49:31,804 - INFO - monitor - REST added 20 token(s) to queue
2026-08-14 02:49:31,814 - INFO - main - Price monitor loop started (every 2s)
2026-08-14 02:49:31,815 - INFO - main - Max concurrent positions reached, waiting...
2026-08-14 02:49:32,932 - ERROR - exit_logic - Exit logic error for HzeMky3Qw4jw5pzgm6n6NxqvbynFkwE4NZwMdByAQZqa: 'Position' object has no attribute 'hard_stop_price'
2026-08-14 02:49:36,821 - INFO - main - Max concurrent positions reached, waiting...
2026-08-14 02:49:41,822 - INFO - main - Max concurrent positions reached, waiting...
2026-08-14 02:49:42,938 - INFO - monitor - REST added token: 672ArEjP... @ $81.10000000
2026-08-14 02:49:42,938 - INFO - monitor - REST added token: 8F8FLuwv... @ $83.42000000
2026-08-14 02:49:42,938 - INFO - monitor - REST added token: sokhCSmz... @ $92.43000000
2026-08-14 02:49:42,939 - INFO - monitor - REST added 3 token(s) to queue
2026-08-14 02:49:45,117 - INFO - monitor - REST added token: 6GmAFSYs... @ $0.01022000
2026-08-14 02:49:45,118 - INFO - monitor - REST added token: HxQhDGYq... @ $0.00358300
2026-08-14 02:49:45,118 - INFO - monitor - REST added token: 8XtRWb4u... @ $0.00378900
2026-08-14 02:49:45,119 - INFO - monitor - REST added token: DKu9kykS... @ $0.01441000
2026-08-14 02:49:45,120 - INFO - monitor - REST added token: Dz9mQ9Nz... @ $0.03808000
2026-08-14 02:49:45,120 - INFO - monitor - REST added token: CARDSccU... @ $0.16010000
2026-08-14 02:49:45,121 - INFO - monitor - REST added token: 4kjruqGH... @ $0.00175600
2026-08-14 02:49:45,121 - INFO - monitor - REST added token: HzeMky3Q... @ $0.00012360
2026-08-14 02:49:45,121 - INFO - monitor - REST added token: pumpCmXq... @ $0.00298000
2026-08-14 02:49:45,122 - INFO - monitor - REST added token: ukHH6c7m... @ $0.00075490
2026-08-14 02:49:45,122 - INFO - monitor - REST added token: 9BB6NFEc... @ $0.14240000
2026-08-14 02:49:45,122 - INFO - monitor - REST added token: HKJHsYJH... @ $0.00610500
2026-08-14 02:49:45,123 - INFO - monitor - REST added token: 4k3Dyjzv... @ $0.62450000
2026-08-14 02:49:45,123 - INFO - monitor - REST added token: 4N4DnNo3... @ $0.00401400
2026-08-14 02:49:45,124 - INFO - monitor - REST added token: Df6yfrKC... @ $0.01086000
2026-08-14 02:49:45,124 - INFO - monitor - REST added token: 8xH8ikqG... @ $0.00044880
2026-08-14 02:49:45,125 - INFO - monitor - REST added token: 5XyKkFaJ... @ $0.00125800
2026-08-14 02:49:45,125 - INFO - monitor - REST added 20 token(s) to queue
2026-08-14 02:49:46,823 - INFO - main - Max concurrent positions reached, waiting...
2026-08-14 02:49:51,825 - INFO - main - Max concurrent positions reached, waiting...
2026-08-14 02:49:56,826 - INFO - main - Max concurrent positions reached, waiting...
2026-08-14 02:49:58,257 - INFO - monitor - REST added token: 2qEHjDLD... @ $0.04136000
2026-08-14 02:49:58,258 - INFO - monitor - REST added token: 5Jr9hGmJ... @ $0.00686900
2026-08-14 02:49:58,258 - INFO - monitor - REST added token: DtR4D9Ft... @ $0.00992800
2026-08-14 02:49:58,259 - INFO - monitor - REST added 3 token(s) to queue
2026-08-14 02:50:01,828 - INFO - main - Max concurrent positions reached, waiting...
2026-08-14 02:50:06,828 - INFO - main - Max concurrent positions reached, waiting...
2026-08-14 02:50:11,830 - INFO - main - Max concurrent positions reached, waiting...
2026-08-14 02:50:16,832 - INFO - main - Max concurrent positions reached, waiting...
2026-08-14 02:50:21,837 - INFO - main - Max concurrent positions reached, waiting...
2026-08-14 02:50:26,838 - INFO - main - Max concurrent positions reached, waiting...
2026-08-14 02:50:31,839 - INFO - main - Max concurrent positions reached, waiting...
2026-08-14 02:50:36,840 - INFO - main - Max concurrent positions reached, waiting...
2026-08-14 02:50:41,842 - INFO - main - Max concurrent positions reached, waiting...
2026-08-14 02:50:46,843 - INFO - main - Max concurrent positions reached, waiting...
2026-08-14 02:50:51,844 - INFO - main - Max concurrent positions reached, waiting...
2026-08-14 02:50:56,845 - INFO - main - Max concurrent positions reached, waiting...
2026-08-14 02:51:01,847 - INFO - main - Max concurrent positions reached, waiting...
2026-08-14 02:51:06,848 - INFO - main - Max concurrent positions reached, waiting...
2026-08-14 02:51:11,849 - INFO - main - Max concurrent positions reached, waiting...
2026-08-14 02:51:16,850 - INFO - main - Max concurrent positions reached, waiting...
2026-08-14 02:51:21,852 - INFO - main - Max concurrent positions reached, waiting...
2026-08-14 02:51:26,853 - INFO - main - Max concurrent positions reached, waiting...
2026-08-14 02:51:31,854 - INFO - main - Max concurrent positions reached, waiting...
2026-08-14 02:51:36,855 - INFO - main - Max concurrent positions reached, waiting...
2026-08-14 02:51:41,856 - INFO - main - Max concurrent positions reached, waiting...
2026-08-14 02:51:46,857 - INFO - main - Max concurrent positions reached, waiting...
2026-08-14 02:51:51,859 - INFO - main - Max concurrent positions reached, waiting...
2026-08-14 02:51:56,860 - INFO - main - Max concurrent positions reached, waiting...
2026-08-14 02:52:01,861 - INFO - main - Max concurrent positions reached, waiting...
2026-08-14 02:52:06,862 - INFO - main - Max concurrent positions reached, waiting...
2026-08-14 02:52:11,863 - INFO - main - Max concurrent positions reached, waiting...
2026-08-14 02:52:16,865 - INFO - main - Max concurrent positions reached, waiting...
2026-08-14 02:52:21,866 - INFO - main - Max concurrent positions reached, waiting...
2026-08-14 02:52:26,866 - INFO - main - Max concurrent positions reached, waiting...
2026-08-14 02:52:31,868 - INFO - main - Max concurrent positions reached, waiting...
2026-08-14 02:52:36,869 - INFO - main - Max concurrent positions reached, waiting...
2026-08-14 02:52:41,870 - INFO - main - Max concurrent positions reached, waiting...
2026-08-14 02:52:46,871 - INFO - main - Max concurrent positions reached, waiting...
2026-08-14 02:52:51,872 - INFO - main - Max concurrent positions reached, waiting...
2026-08-14 02:52:56,873 - INFO - main - Max concurrent positions reached, waiting...
2026-08-14 02:53:01,874 - INFO - main - Max concurrent positions reached, waiting...
2026-08-14 02:53:11,891 - INFO - monitor - Queue empty, forcing REST fetch...
2026-08-14 02:53:20,742 - INFO - monitor - Queue empty, forcing REST fetch...
2026-08-14 02:53:29,027 - INFO - monitor - Queue empty, forcing REST fetch...
2026-08-14 02:53:37,249 - INFO - monitor - Queue empty, forcing REST fetch...
2026-08-14 02:53:45,698 - INFO - monitor - Queue empty, forcing REST fetch...
2026-08-14 02:53:53,990 - INFO - monitor - Queue empty, forcing REST fetch...
2026-08-14 02:54:02,271 - INFO - monitor - Queue empty, forcing REST fetch...
2026-08-14 02:54:10,434 - INFO - monitor - Queue empty, forcing REST fetch...
2026-08-14 02:54:18,684 - INFO - monitor - Queue empty, forcing REST fetch...
2026-08-14 02:54:26,895 - INFO - monitor - Queue empty, forcing REST fetch...
2026-08-14 02:54:34,959 - INFO - monitor - Queue empty, forcing REST fetch...
2026-08-14 02:54:43,462 - INFO - monitor - Queue empty, forcing REST fetch...
2026-08-14 02:54:52,871 - INFO - monitor - Queue empty, forcing REST fetch...
2026-08-14 02:55:01,373 - INFO - monitor - Queue empty, forcing REST fetch...
2026-08-14 02:55:09,832 - INFO - main - Received shutdown signal, saving state...
2026-08-14 02:55:09,836 - INFO - main - State saved. Exiting.
2026-08-14 02:55:32,424 - INFO - main - Initializing MemeBot...
2026-08-14 02:55:32,452 - INFO - main - Restored position HzeMky3Q @ 0.00012480
2026-08-14 02:55:32,452 - INFO - main - Restored position pumpCmXq @ 0.00296300
2026-08-14 02:55:32,452 - INFO - main - Restored position ukHH6c7m @ 0.00076020
2026-08-14 02:55:32,453 - INFO - main - Starting PAPER trading loop (real data)
2026-08-14 02:55:32,453 - INFO - monitor - Paper trading mode – REST discovery + real-time price polling
2026-08-14 02:55:32,455 - INFO - monitor - REST fallback thread started (polls every 10 seconds for new tokens)
2026-08-14 02:55:34,019 - INFO - monitor - REST added token: 9593dFjs... @ $0.00225500
2026-08-14 02:55:34,020 - INFO - monitor - REST added token: C2QDb3aV... @ $0.00268700
2026-08-14 02:55:34,021 - INFO - monitor - REST added token: 6Jc7JsWn... @ $0.00687900
2026-08-14 02:55:34,022 - INFO - monitor - REST added token: 0xFbD40b... @ $0.00295300
2026-08-14 02:55:34,022 - INFO - monitor - REST added token: 0xf2311C... @ $0.00183900
2026-08-14 02:55:34,023 - INFO - monitor - REST added token: 0xF133B7... @ $0.00158300
2026-08-14 02:55:34,024 - INFO - monitor - REST added token: Eg8uZs9R... @ $0.00680700
2026-08-14 02:55:34,024 - INFO - monitor - REST added token: 0xbD4bF0... @ $0.00000471
2026-08-14 02:55:34,025 - INFO - monitor - REST added token: 7v1hhtPk... @ $0.00000743
2026-08-14 02:55:34,027 - INFO - monitor - REST added token: CpLdd5Zy... @ $0.00000473
2026-08-14 02:55:34,028 - INFO - monitor - REST added 10 token(s) to queue
2026-08-14 02:55:35,166 - INFO - monitor - REST added token: 0x311935... @ $76.07300000
2026-08-14 02:55:35,167 - INFO - monitor - REST added token: GqR98CsE... @ $85.48000000
2026-08-14 02:55:35,168 - INFO - monitor - REST added token: sosd5Q3D... @ $143.20000000
2026-08-14 02:55:35,169 - INFO - monitor - REST added token: 7AEEdoP2... @ $85.01900000
2026-08-14 02:55:35,169 - INFO - monitor - REST added token: DWCj1WhL... @ $84.54000000
2026-08-14 02:55:35,170 - INFO - monitor - REST added token: 5XXn2PCJ... @ $87.58000000
2026-08-14 02:55:35,171 - INFO - monitor - REST added token: ALAcK3Ds... @ $86.52000000
2026-08-14 02:55:35,171 - INFO - monitor - REST added token: BCWd9Gw3... @ $84.29000000
2026-08-14 02:55:35,172 - INFO - monitor - REST added token: 672ArEjP... @ $81.10000000
2026-08-14 02:55:35,173 - INFO - monitor - REST added token: SooEj828... @ $78.36000000
2026-08-14 02:55:35,173 - INFO - monitor - REST added 20 token(s) to queue
2026-08-14 02:55:35,181 - INFO - main - Price monitor loop started (every 2s)
2026-08-14 02:55:35,182 - INFO - main - Max concurrent positions reached, waiting...
2026-08-14 02:55:35,208 - INFO - monitor - REST added token: sokhCSmz... @ $92.43000000
2026-08-14 02:55:35,210 - INFO - monitor - REST added token: 8F8FLuwv... @ $83.42000000
2026-08-14 02:55:35,211 - INFO - monitor - REST added token: A9ecbzft... @ $79.82000000
2026-08-14 02:55:35,214 - INFO - monitor - REST added 3 token(s) to queue
2026-08-14 02:55:36,336 - INFO - monitor - REST added token: 6GmAFSYs... @ $0.01022000
2026-08-14 02:55:36,336 - INFO - monitor - REST added token: HxQhDGYq... @ $0.00358300
2026-08-14 02:55:36,337 - INFO - monitor - REST added token: 8XtRWb4u... @ $0.00377800
2026-08-14 02:55:36,337 - INFO - monitor - REST added token: DKu9kykS... @ $0.01421000
2026-08-14 02:55:36,337 - INFO - monitor - REST added token: Dz9mQ9Nz... @ $0.03811000
2026-08-14 02:55:36,338 - INFO - monitor - REST added token: CARDSccU... @ $0.16010000
2026-08-14 02:55:36,338 - INFO - monitor - REST added token: 4kjruqGH... @ $0.00175400
2026-08-14 02:55:36,338 - INFO - monitor - REST added token: HzeMky3Q... @ $0.00012340
2026-08-14 02:55:36,338 - INFO - monitor - REST added token: pumpCmXq... @ $0.00298000
2026-08-14 02:55:36,339 - INFO - monitor - REST added token: ukHH6c7m... @ $0.00075790
2026-08-14 02:55:36,339 - INFO - monitor - REST added token: 9BB6NFEc... @ $0.14250000
2026-08-14 02:55:36,339 - INFO - monitor - REST added token: HKJHsYJH... @ $0.00614500
2026-08-14 02:55:36,339 - INFO - monitor - REST added token: 4k3Dyjzv... @ $0.62450000
2026-08-14 02:55:36,340 - INFO - monitor - REST added token: 4N4DnNo3... @ $0.00401400
2026-08-14 02:55:36,340 - INFO - monitor - REST added token: Df6yfrKC... @ $0.01085000
2026-08-14 02:55:36,340 - INFO - monitor - REST added token: 5XyKkFaJ... @ $0.00125500
2026-08-14 02:55:36,340 - INFO - monitor - REST added token: 8xH8ikqG... @ $0.00043680
2026-08-14 02:55:36,341 - INFO - monitor - REST added 20 token(s) to queue
2026-08-14 02:55:36,727 - INFO - exit_logic - Timeout triggered for HzeMky3Q @ 0.00012480
2026-08-14 02:55:36,738 - INFO - execution - [PAPER] SELL HzeMky3Qw4jw5pzgm6n6NxqvbynFkwE4NZwMdByAQZqa @ 0.0001248 amount=$5.00 reason=TIMEOUT
2026-08-14 02:55:40,187 - INFO - main - Max concurrent positions reached, waiting...
2026-08-14 02:55:45,188 - INFO - main - Max concurrent positions reached, waiting...
2026-08-14 02:55:49,573 - INFO - monitor - REST added token: 2qEHjDLD... @ $0.04161000
2026-08-14 02:55:49,574 - INFO - monitor - REST added token: 5Jr9hGmJ... @ $0.00687200
2026-08-14 02:55:49,575 - INFO - monitor - REST added token: DtR4D9Ft... @ $0.00999100
2026-08-14 02:55:49,575 - INFO - monitor - REST added 3 token(s) to queue
2026-08-14 02:55:50,190 - INFO - main - Max concurrent positions reached, waiting...
2026-08-14 02:55:55,191 - INFO - main - Max concurrent positions reached, waiting...
2026-08-14 02:56:00,192 - INFO - main - Max concurrent positions reached, waiting...
2026-08-14 02:56:05,193 - INFO - main - Max concurrent positions reached, waiting...
2026-08-14 02:56:10,194 - INFO - main - Max concurrent positions reached, waiting...
2026-08-14 02:56:15,195 - INFO - main - Max concurrent positions reached, waiting...
2026-08-14 02:56:20,196 - INFO - main - Max concurrent positions reached, waiting...
2026-08-14 02:56:25,198 - INFO - main - Max concurrent positions reached, waiting...
2026-08-14 02:56:30,199 - INFO - main - Max concurrent positions reached, waiting...
2026-08-14 02:56:35,200 - INFO - main - Max concurrent positions reached, waiting...
2026-08-14 02:56:40,202 - INFO - main - Max concurrent positions reached, waiting...
2026-08-14 02:56:45,203 - INFO - main - Max concurrent positions reached, waiting...
2026-08-14 02:56:50,204 - INFO - main - Max concurrent positions reached, waiting...
2026-08-14 02:56:55,208 - INFO - main - Max concurrent positions reached, waiting...
2026-08-14 02:57:00,209 - INFO - main - Max concurrent positions reached, waiting...
2026-08-14 02:57:05,210 - INFO - main - Max concurrent positions reached, waiting...
2026-08-14 02:57:10,212 - INFO - main - Max concurrent positions reached, waiting...
2026-08-14 02:57:15,212 - INFO - main - Max concurrent positions reached, waiting...
2026-08-14 02:57:20,213 - INFO - main - Max concurrent positions reached, waiting...
2026-08-14 02:57:25,214 - INFO - main - Max concurrent positions reached, waiting...
2026-08-14 02:57:30,215 - INFO - main - Max concurrent positions reached, waiting...
2026-08-14 02:57:35,216 - INFO - main - Max concurrent positions reached, waiting...
2026-08-14 02:57:40,217 - INFO - main - Max concurrent positions reached, waiting...
2026-08-14 02:57:45,219 - INFO - main - Max concurrent positions reached, waiting...
2026-08-14 02:57:50,221 - INFO - main - Max concurrent positions reached, waiting...
2026-08-14 02:57:53,517 - INFO - main - Received shutdown signal, saving state...
2026-08-14 02:57:53,522 - INFO - main - State saved. Exiting.
2026-08-14 02:57:57,474 - INFO - main - Initializing MemeBot...
2026-08-14 02:57:57,491 - INFO - main - Restored position HzeMky3Q @ 0.00012480
2026-08-14 02:57:57,491 - INFO - main - Restored position pumpCmXq @ 0.00296300
2026-08-14 02:57:57,491 - INFO - main - Restored position ukHH6c7m @ 0.00076020
2026-08-14 02:57:57,492 - INFO - main - Starting PAPER trading loop (real data)
2026-08-14 02:57:57,492 - INFO - monitor - Paper trading mode – REST discovery + real-time price polling
2026-08-14 02:57:57,495 - INFO - monitor - REST fallback thread started (polls every 10 seconds for new tokens)
2026-08-14 02:57:58,849 - INFO - main - Price monitor loop started (every 2s)
2026-08-14 02:57:58,891 - INFO - monitor - REST added token: 9593dFjs... @ $0.00225500
2026-08-14 02:57:58,892 - INFO - main - Max concurrent positions reached, waiting...
2026-08-14 02:57:58,892 - INFO - monitor - REST added token: C2QDb3aV... @ $0.00268700
2026-08-14 02:57:58,893 - INFO - monitor - REST added token: 6Jc7JsWn... @ $0.00687900
2026-08-14 02:57:58,894 - INFO - monitor - REST added token: 0xFbD40b... @ $0.00295300
2026-08-14 02:57:58,894 - INFO - monitor - REST added token: 0xf2311C... @ $0.00183900
2026-08-14 02:57:58,894 - INFO - monitor - REST added token: 0xF133B7... @ $0.00158300
2026-08-14 02:57:58,895 - INFO - monitor - REST added token: Eg8uZs9R... @ $0.00680700
2026-08-14 02:57:58,895 - INFO - monitor - REST added token: 0xbD4bF0... @ $0.00000471
2026-08-14 02:57:58,895 - INFO - monitor - REST added token: 7v1hhtPk... @ $0.00000743
2026-08-14 02:57:58,896 - INFO - monitor - REST added token: CpLdd5Zy... @ $0.00000473
2026-08-14 02:57:58,896 - INFO - monitor - REST added 10 token(s) to queue
2026-08-14 02:58:00,044 - INFO - monitor - REST added token: 0x311935... @ $76.03200000
2026-08-14 02:58:00,045 - INFO - monitor - REST added token: GqR98CsE... @ $85.48000000
2026-08-14 02:58:00,045 - INFO - monitor - REST added token: sosd5Q3D... @ $143.20000000
2026-08-14 02:58:00,046 - INFO - monitor - REST added token: 7AEEdoP2... @ $85.01900000
2026-08-14 02:58:00,046 - INFO - monitor - REST added token: 5XXn2PCJ... @ $87.58000000
2026-08-14 02:58:00,047 - INFO - monitor - REST added token: BCWd9Gw3... @ $84.29000000
2026-08-14 02:58:00,047 - INFO - monitor - REST added token: DWCj1WhL... @ $84.54000000
2026-08-14 02:58:00,047 - INFO - monitor - REST added token: ALAcK3Ds... @ $86.52000000
2026-08-14 02:58:00,048 - INFO - monitor - REST added token: SooEj828... @ $78.36000000
2026-08-14 02:58:00,048 - INFO - monitor - REST added token: A9ecbzft... @ $79.82000000
2026-08-14 02:58:00,048 - INFO - monitor - REST added 20 token(s) to queue
2026-08-14 02:58:01,083 - INFO - exit_logic - Timeout triggered for pumpCmXq @ 0.00296500
2026-08-14 02:58:01,099 - INFO - execution - [PAPER] SELL pumpCmXqMfrsAkQ5r49WcJnRayYRqmXz6ae8H7H9Dfn @ 0.002965 amount=$5.00 reason=TIMEOUT
2026-08-14 02:58:01,099 - INFO - risk_manager - Trade recorded: win | PnL=$0.00 | Daily PnL=$0.00 | Weekly PnL=$0.00 | Consecutive losses=0
2026-08-14 02:58:01,108 - INFO - main - Closed pumpCmXq @ 0.00296500 reason=TIMEOUT PnL=0.07%
2026-08-14 02:58:02,322 - INFO - exit_logic - Timeout triggered for ukHH6c7m @ 0.00075790
2026-08-14 02:58:02,344 - INFO - execution - [PAPER] SELL ukHH6c7mMyiWCf1b9pnWe25TSpkDDt3H5pQZgZ74J82 @ 0.0007579 amount=$5.00 reason=TIMEOUT
2026-08-14 02:58:02,345 - INFO - risk_manager - Trade recorded: loss | PnL=$-0.02 | Daily PnL=$-0.01 | Weekly PnL=$-0.01 | Consecutive losses=1
2026-08-14 02:58:02,350 - INFO - main - Closed ukHH6c7m @ 0.00075790 reason=TIMEOUT PnL=-0.30%
2026-08-14 02:58:08,908 - INFO - monitor - Queue empty, forcing REST fetch...
2026-08-14 02:58:11,231 - INFO - monitor - REST added token: 672ArEjP... @ $81.10000000
2026-08-14 02:58:11,232 - INFO - monitor - REST added token: sokhCSmz... @ $92.43000000
2026-08-14 02:58:11,233 - INFO - monitor - REST added token: 8F8FLuwv... @ $83.42000000
2026-08-14 02:58:11,234 - INFO - monitor - REST added 3 token(s) to queue
2026-08-14 02:58:12,363 - INFO - monitor - REST added token: 6GmAFSYs... @ $0.01019000
2026-08-14 02:58:12,363 - INFO - monitor - REST added token: HxQhDGYq... @ $0.00358300
2026-08-14 02:58:12,364 - INFO - monitor - REST added token: 8XtRWb4u... @ $0.00377500
2026-08-14 02:58:12,365 - INFO - monitor - REST added token: DKu9kykS... @ $0.01413000
2026-08-14 02:58:12,366 - INFO - monitor - REST added token: Dz9mQ9Nz... @ $0.03808000
2026-08-14 02:58:12,366 - INFO - monitor - REST added token: CARDSccU... @ $0.16000000
2026-08-14 02:58:12,367 - INFO - monitor - REST added token: HzeMky3Q... @ $0.00013360
2026-08-14 02:58:12,367 - INFO - monitor - REST added token: 4kjruqGH... @ $0.00175400
2026-08-14 02:58:12,368 - INFO - monitor - REST added token: pumpCmXq... @ $0.00298100
2026-08-14 02:58:12,369 - INFO - monitor - REST added token: ukHH6c7m... @ $0.00075790
2026-08-14 02:58:12,369 - INFO - monitor - REST added token: 9BB6NFEc... @ $0.14160000
2026-08-14 02:58:12,370 - INFO - monitor - REST added token: HKJHsYJH... @ $0.00608900
2026-08-14 02:58:12,371 - INFO - monitor - REST added token: 4k3Dyjzv... @ $0.62400000
2026-08-14 02:58:12,371 - INFO - monitor - REST added token: 4N4DnNo3... @ $0.00401400
2026-08-14 02:58:12,372 - INFO - monitor - REST added token: Df6yfrKC... @ $0.01083000
2026-08-14 02:58:12,372 - INFO - monitor - REST added token: 5XyKkFaJ... @ $0.00125500
2026-08-14 02:58:12,373 - INFO - monitor - REST added token: 8xH8ikqG... @ $0.00043680
2026-08-14 02:58:12,374 - INFO - monitor - REST added 20 token(s) to queue
2026-08-14 02:58:13,390 - INFO - monitor - REST added token: 2qEHjDLD... @ $0.04161000
2026-08-14 02:58:13,391 - INFO - monitor - REST added token: 5Jr9hGmJ... @ $0.00686900
2026-08-14 02:58:13,392 - INFO - monitor - REST added token: DtR4D9Ft... @ $0.00993000
2026-08-14 02:58:13,393 - INFO - monitor - REST added 3 token(s) to queue
2026-08-14 02:58:18,396 - INFO - monitor - Queue empty, forcing REST fetch...
2026-08-14 02:58:26,574 - INFO - monitor - Queue empty, forcing REST fetch...
2026-08-14 02:58:30,613 - INFO - exit_logic - Timeout triggered for HzeMky3Q @ 0.00012480
2026-08-14 02:58:30,630 - INFO - execution - [PAPER] SELL HzeMky3Qw4jw5pzgm6n6NxqvbynFkwE4NZwMdByAQZqa @ 0.0001248 amount=$5.00 reason=TIMEOUT
2026-08-14 02:58:30,631 - INFO - risk_manager - Trade recorded: loss | PnL=$0.00 | Daily PnL=$-0.01 | Weekly PnL=$-0.01 | Consecutive losses=2
2026-08-14 02:58:30,635 - INFO - main - Closed HzeMky3Q @ 0.00012480 reason=TIMEOUT PnL=0.00%
2026-08-14 02:58:38,843 - INFO - monitor - Queue empty, forcing REST fetch...
2026-08-14 02:58:47,958 - INFO - monitor - Queue empty, forcing REST fetch...
2026-08-14 02:58:57,766 - INFO - monitor - Queue empty, forcing REST fetch...
2026-08-14 02:59:06,127 - INFO - monitor - Queue empty, forcing REST fetch...
2026-08-14 02:59:14,390 - INFO - monitor - Queue empty, forcing REST fetch...
2026-08-14 02:59:22,372 - INFO - monitor - Queue empty, forcing REST fetch...
2026-08-14 02:59:30,782 - INFO - monitor - Queue empty, forcing REST fetch...
2026-08-14 02:59:45,797 - INFO - monitor - Queue empty, forcing REST fetch...
2026-08-14 03:00:00,821 - INFO - monitor - Queue empty, forcing REST fetch...
2026-08-14 03:00:15,842 - INFO - monitor - Queue empty, forcing REST fetch...
2026-08-14 03:00:26,491 - INFO - monitor - Queue empty, forcing REST fetch...
2026-08-14 03:00:32,055 - INFO - monitor - Queue empty, forcing REST fetch...
2026-08-14 03:00:45,657 - INFO - monitor - Queue empty, forcing REST fetch...
2026-08-14 03:00:56,447 - INFO - monitor - Queue empty, forcing REST fetch...
2026-08-14 03:01:07,973 - INFO - monitor - Queue empty, forcing REST fetch...
2026-08-14 03:01:15,889 - INFO - monitor - Queue empty, forcing REST fetch...
2026-08-14 03:01:24,047 - INFO - monitor - Queue empty, forcing REST fetch...
2026-08-14 03:01:33,470 - INFO - monitor - Queue empty, forcing REST fetch...
2026-08-14 03:01:42,471 - INFO - monitor - Queue empty, forcing REST fetch...
2026-08-14 03:01:50,261 - INFO - monitor - Queue empty, forcing REST fetch...
2026-08-14 03:01:58,826 - INFO - monitor - Queue empty, forcing REST fetch...
2026-08-14 03:02:07,208 - INFO - monitor - Queue empty, forcing REST fetch...
2026-08-14 03:02:15,422 - INFO - monitor - Queue empty, forcing REST fetch...
2026-08-14 03:02:23,463 - INFO - monitor - Queue empty, forcing REST fetch...
2026-08-14 03:02:32,481 - INFO - monitor - Queue empty, forcing REST fetch...
2026-08-14 03:02:40,608 - INFO - monitor - Queue empty, forcing REST fetch...
2026-08-14 03:02:51,205 - INFO - monitor - Queue empty, forcing REST fetch...
2026-08-14 03:02:59,458 - INFO - monitor - Queue empty, forcing REST fetch...
2026-08-14 03:03:06,689 - INFO - monitor - Queue empty, forcing REST fetch...
2026-08-14 03:03:16,136 - INFO - monitor - Queue empty, forcing REST fetch...
2026-08-14 03:03:24,334 - INFO - monitor - Queue empty, forcing REST fetch...
2026-08-14 03:03:32,934 - INFO - monitor - Queue empty, forcing REST fetch...
2026-08-14 03:03:41,139 - INFO - monitor - Queue empty, forcing REST fetch...
2026-08-14 03:03:49,308 - INFO - monitor - Queue empty, forcing REST fetch...
2026-08-14 03:03:57,605 - INFO - monitor - Queue empty, forcing REST fetch...
2026-08-14 03:04:05,788 - INFO - monitor - Queue empty, forcing REST fetch...
2026-08-14 03:04:14,072 - INFO - monitor - Queue empty, forcing REST fetch...
2026-08-14 03:04:23,009 - INFO - monitor - Queue empty, forcing REST fetch...
2026-08-14 03:04:30,855 - INFO - monitor - Queue empty, forcing REST fetch...
2026-08-14 03:04:39,262 - INFO - monitor - Queue empty, forcing REST fetch...
2026-08-14 03:04:49,382 - INFO - monitor - Queue empty, forcing REST fetch...
2026-08-14 03:05:03,616 - INFO - monitor - Queue empty, forcing REST fetch...
2026-08-14 03:05:14,469 - INFO - monitor - Queue empty, forcing REST fetch...
2026-08-14 03:05:25,374 - INFO - monitor - Queue empty, forcing REST fetch...
2026-08-14 03:05:34,749 - INFO - monitor - Queue empty, forcing REST fetch...
2026-08-14 03:05:42,678 - INFO - monitor - Queue empty, forcing REST fetch...
2026-08-14 03:05:51,241 - INFO - monitor - Queue empty, forcing REST fetch...
2026-08-14 03:06:00,554 - INFO - monitor - Queue empty, forcing REST fetch...
2026-08-14 03:06:20,006 - INFO - monitor - Queue empty, forcing REST fetch...
2026-08-14 03:06:30,840 - INFO - monitor - Queue empty, forcing REST fetch...
2026-08-14 03:06:41,737 - INFO - monitor - Queue empty, forcing REST fetch...
2026-08-14 03:06:48,621 - INFO - monitor - Queue empty, forcing REST fetch...
2026-08-14 03:06:57,904 - INFO - monitor - Queue empty, forcing REST fetch...
2026-08-14 03:07:06,004 - INFO - monitor - Queue empty, forcing REST fetch...
2026-08-14 03:07:25,340 - INFO - monitor - Queue empty, forcing REST fetch...
2026-08-14 03:07:42,122 - INFO - monitor - Queue empty, forcing REST fetch...
2026-08-14 03:07:52,954 - INFO - monitor - Queue empty, forcing REST fetch...
2026-08-14 03:08:03,729 - INFO - monitor - Queue empty, forcing REST fetch...
2026-08-14 03:08:19,129 - INFO - monitor - Queue empty, forcing REST fetch...
2026-08-14 03:08:29,169 - INFO - monitor - Queue empty, forcing REST fetch...
2026-08-14 03:08:34,185 - INFO - monitor - Queue empty, forcing REST fetch...
2026-08-14 03:08:39,202 - INFO - monitor - Queue empty, forcing REST fetch...
2026-08-14 03:08:44,251 - INFO - monitor - Queue empty, forcing REST fetch...
2026-08-14 03:08:49,269 - INFO - monitor - Queue empty, forcing REST fetch...
2026-08-14 03:08:54,289 - INFO - monitor - Queue empty, forcing REST fetch...
2026-08-14 03:08:59,305 - INFO - monitor - Queue empty, forcing REST fetch...
2026-08-14 03:09:04,325 - INFO - monitor - Queue empty, forcing REST fetch...
2026-08-14 03:09:09,342 - INFO - monitor - Queue empty, forcing REST fetch...
2026-08-14 03:09:14,361 - INFO - monitor - Queue empty, forcing REST fetch...
2026-08-14 03:09:19,379 - INFO - monitor - Queue empty, forcing REST fetch...
2026-08-14 03:09:24,398 - INFO - monitor - Queue empty, forcing REST fetch...
2026-08-14 03:09:29,416 - INFO - monitor - Queue empty, forcing REST fetch...
2026-08-14 03:09:34,435 - INFO - monitor - Queue empty, forcing REST fetch...
2026-08-14 03:09:39,451 - INFO - monitor - Queue empty, forcing REST fetch...
2026-08-14 03:09:44,470 - INFO - monitor - Queue empty, forcing REST fetch...
2026-08-14 03:09:49,488 - INFO - monitor - Queue empty, forcing REST fetch...
2026-08-14 03:09:54,505 - INFO - monitor - Queue empty, forcing REST fetch...
2026-08-14 03:09:59,525 - INFO - monitor - Queue empty, forcing REST fetch...
2026-08-14 03:10:04,541 - INFO - monitor - Queue empty, forcing REST fetch...
2026-08-14 03:10:09,561 - INFO - monitor - Queue empty, forcing REST fetch...
2026-08-14 03:10:14,579 - INFO - monitor - Queue empty, forcing REST fetch...
2026-08-14 03:10:19,585 - INFO - monitor - Queue empty, forcing REST fetch...
2026-08-14 03:10:24,626 - INFO - monitor - Queue empty, forcing REST fetch...
2026-08-14 03:10:29,633 - INFO - monitor - Queue empty, forcing REST fetch...
2026-08-14 03:10:34,648 - INFO - monitor - Queue empty, forcing REST fetch...
2026-08-14 03:10:39,661 - INFO - monitor - Queue empty, forcing REST fetch...
2026-08-14 03:10:44,675 - INFO - monitor - Queue empty, forcing REST fetch...
2026-08-14 03:10:49,692 - INFO - monitor - Queue empty, forcing REST fetch...
2026-08-14 03:10:54,709 - INFO - monitor - Queue empty, forcing REST fetch...
2026-08-14 03:10:59,721 - INFO - monitor - Queue empty, forcing REST fetch...
2026-08-14 03:11:04,728 - INFO - monitor - Queue empty, forcing REST fetch...
2026-08-14 03:11:09,750 - INFO - monitor - Queue empty, forcing REST fetch...
2026-08-14 03:11:14,766 - INFO - monitor - Queue empty, forcing REST fetch...
2026-08-14 03:11:19,784 - INFO - monitor - Queue empty, forcing REST fetch...
2026-08-14 03:11:24,795 - INFO - monitor - Queue empty, forcing REST fetch...
2026-08-14 03:11:29,815 - INFO - monitor - Queue empty, forcing REST fetch...
2026-08-14 03:11:39,485 - INFO - monitor - Queue empty, forcing REST fetch...
2026-08-14 03:11:47,464 - INFO - monitor - Queue empty, forcing REST fetch...
2026-08-14 03:11:55,646 - INFO - monitor - Queue empty, forcing REST fetch...
2026-08-14 03:12:03,933 - INFO - monitor - Queue empty, forcing REST fetch...
2026-08-14 03:12:12,001 - INFO - monitor - Queue empty, forcing REST fetch...
2026-08-14 03:12:20,300 - INFO - monitor - Queue empty, forcing REST fetch...
2026-08-14 03:12:23,165 - INFO - main - Received shutdown signal, saving state...
2026-08-14 03:12:23,172 - INFO - main - State saved. Exiting.
2026-08-14 03:13:00,136 - INFO - main - Initializing MemeBot...
2026-08-14 03:13:00,421 - INFO - main - Starting PAPER trading loop (real data)
2026-08-14 03:13:00,422 - INFO - monitor - Paper trading mode – REST discovery + real-time price polling
2026-08-14 03:13:00,428 - INFO - monitor - REST fallback thread started (polls every 10 seconds for new tokens)
2026-08-14 03:13:02,110 - INFO - monitor - REST added token: 9593dFjs... @ $0.00225500
2026-08-14 03:13:02,111 - INFO - monitor - REST added token: C2QDb3aV... @ $0.00268700
2026-08-14 03:13:02,112 - INFO - monitor - REST added token: 6Jc7JsWn... @ $0.00687900
2026-08-14 03:13:02,113 - INFO - monitor - REST added token: 0xFbD40b... @ $0.00295300
2026-08-14 03:13:02,117 - INFO - monitor - REST added token: 0xf2311C... @ $0.00183900
2026-08-14 03:13:02,118 - INFO - monitor - REST added token: 0xF133B7... @ $0.00158300
2026-08-14 03:13:02,119 - INFO - monitor - REST added token: Eg8uZs9R... @ $0.00680700
2026-08-14 03:13:02,122 - INFO - monitor - REST added token: 0xbD4bF0... @ $0.00000471
2026-08-14 03:13:02,123 - INFO - monitor - REST added token: 7v1hhtPk... @ $0.00000743
2026-08-14 03:13:02,124 - INFO - monitor - REST added token: CpLdd5Zy... @ $0.00000518
2026-08-14 03:13:02,124 - INFO - monitor - REST added 8 token(s) to queue
2026-08-14 03:13:02,126 - INFO - monitor - REST added 2 token(s) to queue
2026-08-14 03:13:03,310 - INFO - monitor - REST added token: 0x311935... @ $76.06800000
2026-08-14 03:13:03,311 - INFO - monitor - REST added token: GqR98CsE... @ $85.48000000
2026-08-14 03:13:03,312 - INFO - monitor - REST added token: sosd5Q3D... @ $143.20000000
2026-08-14 03:13:03,313 - INFO - monitor - REST added token: 7AEEdoP2... @ $85.01900000
2026-08-14 03:13:03,313 - INFO - monitor - REST added token: BCWd9Gw3... @ $84.29000000
2026-08-14 03:13:03,314 - INFO - monitor - REST added token: ALAcK3Ds... @ $86.52000000
2026-08-14 03:13:03,314 - INFO - monitor - REST added token: DWCj1WhL... @ $84.54000000
2026-08-14 03:13:03,315 - INFO - monitor - REST added token: 5XXn2PCJ... @ $87.58000000
2026-08-14 03:13:03,316 - INFO - monitor - REST added token: A9ecbzft... @ $79.82000000
2026-08-14 03:13:03,316 - INFO - monitor - REST added token: 672ArEjP... @ $81.10000000
2026-08-14 03:13:03,317 - INFO - monitor - REST added token: sokhCSmz... @ $92.43000000
2026-08-14 03:13:03,318 - INFO - monitor - REST added token: SooEj828... @ $78.36000000
2026-08-14 03:13:03,318 - INFO - monitor - REST added token: 8F8FLuwv... @ $83.42000000
2026-08-14 03:13:03,319 - INFO - monitor - REST added 15 token(s) to queue
2026-08-14 03:13:03,331 - INFO - monitor - REST added 8 token(s) to queue
2026-08-14 03:13:04,501 - INFO - monitor - REST added token: 6GmAFSYs... @ $0.01010000
2026-08-14 03:13:04,508 - INFO - monitor - REST added token: HxQhDGYq... @ $0.00358300
2026-08-14 03:13:04,508 - INFO - monitor - REST added token: 8XtRWb4u... @ $0.00385700
2026-08-14 03:13:04,509 - INFO - monitor - REST added token: DKu9kykS... @ $0.01381000
2026-08-14 03:13:04,511 - INFO - monitor - REST added token: Dz9mQ9Nz... @ $0.03804000
2026-08-14 03:13:04,512 - INFO - monitor - REST added token: CARDSccU... @ $0.16000000
2026-08-14 03:13:04,513 - INFO - monitor - REST added token: HzeMky3Q... @ $0.00016650
2026-08-14 03:13:04,514 - INFO - monitor - REST added token: 4kjruqGH... @ $0.00173800
2026-08-14 03:13:04,514 - INFO - monitor - REST added token: pumpCmXq... @ $0.00297300
2026-08-14 03:13:04,515 - INFO - monitor - REST added token: ukHH6c7m... @ $0.00075360
2026-08-14 03:13:04,520 - INFO - monitor - REST added token: 9BB6NFEc... @ $0.14230000
2026-08-14 03:13:04,522 - INFO - monitor - REST added 20 token(s) to queue
2026-08-14 03:13:04,523 - INFO - monitor - REST added token: HKJHsYJH... @ $0.00617200
2026-08-14 03:13:04,532 - INFO - monitor - REST added token: 4k3Dyjzv... @ $0.62450000
2026-08-14 03:13:04,532 - INFO - main - Price monitor loop started (every 2s)
2026-08-14 03:13:04,533 - INFO - monitor - REST added token: 4N4DnNo3... @ $0.00409100
2026-08-14 03:13:04,534 - INFO - monitor - REST added token: Df6yfrKC... @ $0.01082000
2026-08-14 03:13:04,534 - INFO - monitor - REST added token: 5XyKkFaJ... @ $0.00125600
2026-08-14 03:13:04,535 - INFO - monitor - REST added token: 8xH8ikqG... @ $0.00042470
2026-08-14 03:13:04,535 - INFO - monitor - REST added 20 token(s) to queue
2026-08-14 03:13:09,541 - INFO - monitor - Queue empty, forcing REST fetch...
2026-08-14 03:13:12,382 - INFO - monitor - REST added token: 2qEHjDLD... @ $0.04179000
2026-08-14 03:13:12,382 - INFO - monitor - REST added token: 5Jr9hGmJ... @ $0.00685100
2026-08-14 03:13:12,383 - INFO - monitor - REST added token: DtR4D9Ft... @ $0.00993400
2026-08-14 03:13:12,384 - INFO - monitor - REST added 3 token(s) to queue
2026-08-14 03:13:17,397 - INFO - monitor - Queue empty, forcing REST fetch...
2026-08-14 03:13:26,489 - INFO - monitor - Queue empty, forcing REST fetch...
2026-08-14 03:13:34,540 - INFO - monitor - Queue empty, forcing REST fetch...
2026-08-14 03:13:42,590 - INFO - monitor - Queue empty, forcing REST fetch...
2026-08-14 03:13:50,526 - INFO - monitor - Queue empty, forcing REST fetch...
2026-08-14 03:13:58,490 - INFO - monitor - Queue empty, forcing REST fetch...
2026-08-14 03:14:08,105 - INFO - monitor - Queue empty, forcing REST fetch...
2026-08-14 03:14:16,492 - INFO - monitor - Queue empty, forcing REST fetch...
2026-08-14 03:14:24,445 - INFO - monitor - Queue empty, forcing REST fetch...
2026-08-14 03:14:32,374 - INFO - monitor - Queue empty, forcing REST fetch...
2026-08-14 03:14:41,851 - INFO - monitor - Queue empty, forcing REST fetch...
2026-08-14 03:14:51,112 - INFO - monitor - Queue empty, forcing REST fetch...
2026-08-14 03:14:58,905 - INFO - monitor - Queue empty, forcing REST fetch...
2026-08-14 03:15:07,598 - INFO - monitor - Queue empty, forcing REST fetch...
2026-08-14 03:15:15,818 - INFO - monitor - Queue empty, forcing REST fetch...
2026-08-14 03:15:23,899 - INFO - monitor - Queue empty, forcing REST fetch...
2026-08-14 03:15:34,534 - INFO - monitor - Queue empty, forcing REST fetch...
2026-08-14 03:15:43,415 - INFO - monitor - Queue empty, forcing REST fetch...
2026-08-14 03:15:51,450 - INFO - monitor - Queue empty, forcing REST fetch...
2026-08-14 03:15:59,403 - INFO - monitor - Queue empty, forcing REST fetch...
2026-08-14 03:16:07,551 - INFO - monitor - Queue empty, forcing REST fetch...
2026-08-14 03:16:16,232 - INFO - monitor - Queue empty, forcing REST fetch...
2026-08-14 03:16:24,136 - INFO - monitor - Queue empty, forcing REST fetch...
2026-08-14 03:16:32,455 - INFO - monitor - Queue empty, forcing REST fetch...
2026-08-14 03:16:40,832 - INFO - monitor - Queue empty, forcing REST fetch...
2026-08-14 03:16:48,818 - INFO - monitor - Queue empty, forcing REST fetch...
2026-08-14 03:16:57,653 - INFO - monitor - Queue empty, forcing REST fetch...
2026-08-14 03:17:07,358 - INFO - monitor - Queue empty, forcing REST fetch...
2026-08-14 03:17:15,422 - INFO - monitor - Queue empty, forcing REST fetch...
2026-08-14 03:17:24,194 - INFO - monitor - Queue empty, forcing REST fetch...
2026-08-14 03:17:32,570 - INFO - monitor - Queue empty, forcing REST fetch...
2026-08-14 03:17:40,539 - INFO - monitor - Queue empty, forcing REST fetch...
2026-08-14 03:17:51,070 - INFO - monitor - Queue empty, forcing REST fetch...
2026-08-14 03:17:59,127 - INFO - monitor - Queue empty, forcing REST fetch...
2026-08-14 03:18:08,684 - INFO - monitor - Queue empty, forcing REST fetch...
2026-08-14 03:18:16,563 - INFO - monitor - Queue empty, forcing REST fetch...
2026-08-14 03:18:25,351 - INFO - monitor - Queue empty, forcing REST fetch...
2026-08-14 03:18:34,033 - INFO - monitor - Queue empty, forcing REST fetch...
2026-08-14 03:18:42,865 - INFO - monitor - Queue empty, forcing REST fetch...
2026-08-14 03:18:50,801 - INFO - monitor - Queue empty, forcing REST fetch...
2026-08-14 03:18:58,810 - INFO - monitor - Queue empty, forcing REST fetch...
2026-08-14 03:19:07,033 - INFO - monitor - Queue empty, forcing REST fetch...
2026-08-14 03:19:15,171 - INFO - monitor - Queue empty, forcing REST fetch...
2026-08-14 03:19:24,338 - INFO - monitor - Queue empty, forcing REST fetch...
2026-08-14 03:19:33,684 - INFO - monitor - Queue empty, forcing REST fetch...
2026-08-14 03:19:43,789 - INFO - monitor - Queue empty, forcing REST fetch...
2026-08-14 03:19:51,827 - INFO - monitor - Queue empty, forcing REST fetch...
2026-08-14 03:20:00,757 - INFO - monitor - Queue empty, forcing REST fetch...
2026-08-14 03:20:10,108 - INFO - monitor - Queue empty, forcing REST fetch...
2026-08-14 03:20:21,909 - INFO - monitor - Queue empty, forcing REST fetch...
2026-08-14 03:20:32,927 - INFO - monitor - Queue empty, forcing REST fetch...
2026-08-14 03:20:41,339 - INFO - monitor - Queue empty, forcing REST fetch...
2026-08-14 03:20:50,798 - INFO - monitor - Queue empty, forcing REST fetch...
2026-08-14 03:21:00,643 - INFO - monitor - Queue empty, forcing REST fetch...
2026-08-14 03:21:08,683 - INFO - monitor - Queue empty, forcing REST fetch...
2026-08-14 03:21:19,928 - INFO - monitor - Queue empty, forcing REST fetch...
2026-08-14 03:21:31,130 - INFO - monitor - Queue empty, forcing REST fetch...
2026-08-14 03:21:42,081 - INFO - monitor - Queue empty, forcing REST fetch...
2026-08-14 03:21:57,123 - INFO - monitor - Queue empty, forcing REST fetch...
2026-08-14 03:22:07,793 - INFO - monitor - Queue empty, forcing REST fetch...
2026-08-14 03:22:18,503 - INFO - monitor - Queue empty, forcing REST fetch...
2026-08-14 03:22:33,527 - INFO - monitor - Queue empty, forcing REST fetch...
2026-08-14 03:22:48,553 - INFO - monitor - Queue empty, forcing REST fetch...
2026-08-14 03:23:03,587 - INFO - monitor - Queue empty, forcing REST fetch...
2026-08-14 03:23:18,600 - INFO - monitor - Queue empty, forcing REST fetch...
2026-08-14 03:23:33,616 - INFO - monitor - Queue empty, forcing REST fetch...
2026-08-14 03:23:48,655 - INFO - monitor - Queue empty, forcing REST fetch...
2026-08-14 03:24:03,666 - INFO - monitor - Queue empty, forcing REST fetch...
2026-08-14 03:24:18,689 - INFO - monitor - Queue empty, forcing REST fetch...
2026-08-14 03:24:35,213 - INFO - monitor - Queue empty, forcing REST fetch...
2026-08-14 03:24:51,732 - INFO - monitor - Queue empty, forcing REST fetch...
2026-08-14 03:25:08,247 - INFO - monitor - Queue empty, forcing REST fetch...
2026-08-14 03:25:25,372 - INFO - main - Received shutdown signal, saving state...
2026-08-14 03:25:25,384 - INFO - main - State saved. Exiting.
2026-08-14 21:01:34,583 - INFO - main - Initializing MemeBot...
2026-08-14 21:01:34,585 - INFO - main - Starting PAPER trading loop (real data)
2026-08-14 21:01:34,585 - INFO - monitor - Paper trading mode – REST discovery + real-time price polling
2026-08-14 21:01:34,588 - INFO - monitor - REST fallback thread started (polls every 10 seconds for new tokens)
2026-08-14 21:01:37,664 - INFO - monitor - REST added token: 9593dFjs... @ $0.00225500
2026-08-14 21:01:37,664 - INFO - monitor - REST added token: EyNbAt2a... @ $0.00687700
2026-08-14 21:01:37,665 - INFO - monitor - REST added token: 8FtafPHh... @ $0.00835200
2026-08-14 21:01:37,665 - INFO - monitor - REST added token: 6Jc7JsWn... @ $0.00687900
2026-08-14 21:01:37,665 - INFO - monitor - REST added token: 0xFbD40b... @ $0.00281000
2026-08-14 21:01:37,665 - INFO - monitor - REST added token: Eg8uZs9R... @ $0.00680700
2026-08-14 21:01:37,666 - INFO - monitor - REST added token: 7v1hhtPk... @ $0.00000667
2026-08-14 21:01:37,666 - INFO - monitor - REST added token: CpLdd5Zy... @ $0.00000426
2026-08-14 21:01:37,666 - INFO - monitor - REST added token: EJ8gMGoV... @ $0.00000151
2026-08-14 21:01:37,667 - INFO - monitor - REST added 9 token(s) to queue
2026-08-14 21:01:40,107 - INFO - monitor - REST added token: 0x311935... @ $74.93000000
2026-08-14 21:01:40,107 - INFO - monitor - REST added token: GqR98CsE... @ $85.48000000
2026-08-14 21:01:40,108 - INFO - monitor - REST added token: sosd5Q3D... @ $143.20000000
2026-08-14 21:01:40,108 - INFO - monitor - REST added token: 7AEEdoP2... @ $85.01900000
2026-08-14 21:01:40,108 - INFO - monitor - REST added token: 5XXn2PCJ... @ $87.58000000
2026-08-14 21:01:40,108 - INFO - monitor - REST added token: A9ecbzft... @ $79.82000000
2026-08-14 21:01:40,109 - INFO - monitor - REST added token: 672ArEjP... @ $81.10000000
2026-08-14 21:01:40,109 - INFO - monitor - REST added token: DWCj1WhL... @ $84.54000000
2026-08-14 21:01:40,109 - INFO - monitor - REST added token: 8F8FLuwv... @ $83.42000000
2026-08-14 21:01:40,109 - INFO - monitor - REST added token: sokhCSmz... @ $92.43000000
2026-08-14 21:01:40,110 - INFO - monitor - REST added token: SooEj828... @ $78.36000000
2026-08-14 21:01:40,110 - INFO - monitor - REST added 20 token(s) to queue
2026-08-14 21:01:40,200 - INFO - main - Price monitor loop started (every 2s)
2026-08-14 21:01:40,223 - INFO - execution - [PAPER] BUY 9593dFjsLKKRAaz4LX1eK2DDEgrzfu3idb6yvMysD6A1 @ 0.002277962665 size=$5.00
2026-08-14 21:01:40,227 - INFO - main - Opened position 9593dFjs @ 0.00227796 size=$5.00
2026-08-14 21:01:40,257 - INFO - execution - [PAPER] BUY EyNbAt2aavE1SbEpmKCLxniHGKez9KqF93zwvAojFKa6 @ 0.00694577 size=$5.00
2026-08-14 21:01:40,261 - INFO - main - Opened position EyNbAt2a @ 0.00694577 size=$5.00
2026-08-14 21:01:40,282 - INFO - execution - [PAPER] BUY 8FtafPHhmYVtKQYrbNs4ZSS2Hwykw5dJ3t1JtGsC5yBx @ 0.00843552 size=$5.00
2026-08-14 21:01:40,285 - INFO - main - Opened position 8FtafPHh @ 0.00843552 size=$5.00
2026-08-14 21:01:40,289 - INFO - main - Max concurrent positions reached, waiting...
2026-08-14 21:01:41,180 - INFO - monitor - REST added token: ALAcK3Ds... @ $86.52000000
2026-08-14 21:01:41,180 - INFO - monitor - REST added token: BCWd9Gw3... @ $84.29000000
2026-08-14 21:01:41,180 - INFO - monitor - REST added 2 token(s) to queue
2026-08-14 21:01:45,289 - INFO - main - Max concurrent positions reached, waiting...
2026-08-14 21:01:50,291 - INFO - main - Max concurrent positions reached, waiting...
2026-08-14 21:01:55,336 - INFO - main - Max concurrent positions reached, waiting...
2026-08-14 21:02:00,352 - INFO - main - Max concurrent positions reached, waiting...
2026-08-14 21:02:05,353 - INFO - main - Max concurrent positions reached, waiting...
2026-08-14 21:02:10,354 - INFO - main - Max concurrent positions reached, waiting...
2026-08-14 21:02:15,355 - INFO - main - Max concurrent positions reached, waiting...
2026-08-14 21:02:20,356 - INFO - main - Max concurrent positions reached, waiting...
2026-08-14 21:02:25,358 - INFO - main - Max concurrent positions reached, waiting...
2026-08-14 21:02:30,358 - INFO - main - Max concurrent positions reached, waiting...
2026-08-14 21:02:35,360 - INFO - main - Max concurrent positions reached, waiting...
2026-08-14 21:02:40,363 - INFO - main - Max concurrent positions reached, waiting...
2026-08-14 21:02:44,147 - INFO - monitor - REST added token: FqNUcgaY... @ $0.00030050
2026-08-14 21:02:44,148 - INFO - monitor - REST added token: FThrNpdi... @ $0.00092490
2026-08-14 21:02:44,149 - INFO - monitor - REST added token: 6GmAFSYs... @ $0.01100000
2026-08-14 21:02:44,149 - INFO - monitor - REST added token: HxQhDGYq... @ $0.00369600
2026-08-14 21:02:44,150 - INFO - monitor - REST added token: 7cFG9Jj6... @ $0.00013370
2026-08-14 21:02:44,151 - INFO - monitor - REST added token: 8XtRWb4u... @ $0.00320400
2026-08-14 21:02:44,151 - INFO - monitor - REST added token: 9BB6NFEc... @ $0.13820000
2026-08-14 21:02:44,152 - INFO - monitor - REST added token: 5XyKkFaJ... @ $0.00041420
2026-08-14 21:02:44,152 - INFO - monitor - REST added token: DKu9kykS... @ $0.01455000
2026-08-14 21:02:44,153 - INFO - monitor - REST added token: CARDSccU... @ $0.15660000
2026-08-14 21:02:44,170 - INFO - monitor - REST added token: 8xH8ikqG... @ $0.00067830
2026-08-14 21:02:44,171 - INFO - monitor - REST added token: pumpCmXq... @ $0.00282000
2026-08-14 21:02:44,172 - INFO - monitor - REST added token: Dz9mQ9Nz... @ $0.03928000
2026-08-14 21:02:44,172 - INFO - monitor - REST added token: EFuksA43... @ $0.00467000
2026-08-14 21:02:44,172 - INFO - monitor - REST added token: HKJHsYJH... @ $0.00501600
2026-08-14 21:02:44,173 - INFO - monitor - REST added token: J6pQQ3FA... @ $0.05115000
2026-08-14 21:02:44,173 - INFO - monitor - REST added token: 7Y6Rix8X... @ $0.00179600
2026-08-14 21:02:44,174 - INFO - monitor - REST added token: 4kjruqGH... @ $0.00193100
2026-08-14 21:02:44,174 - INFO - monitor - REST added token: Ce2gx9KG... @ $0.02456000
2026-08-14 21:02:44,175 - INFO - monitor - REST added token: 4N4DnNo3... @ $0.00355300
2026-08-14 21:02:44,175 - INFO - monitor - REST added 20 token(s) to queue
2026-08-14 21:02:45,365 - INFO - main - Max concurrent positions reached, waiting...
2026-08-14 21:02:50,366 - INFO - main - Max concurrent positions reached, waiting...
2026-08-14 21:02:55,393 - INFO - main - Max concurrent positions reached, waiting...
2026-08-14 21:03:00,458 - INFO - main - Max concurrent positions reached, waiting...
2026-08-14 21:03:05,460 - INFO - main - Max concurrent positions reached, waiting...
2026-08-14 21:03:07,960 - INFO - monitor - REST added token: ukHH6c7m... @ $0.00079870
2026-08-14 21:03:07,972 - INFO - monitor - REST added 1 token(s) to queue
2026-08-14 21:03:09,318 - INFO - monitor - REST added token: 0xB7C000... @ $0.01023000
2026-08-14 21:03:09,322 - INFO - monitor - REST added token: 0xec4252... @ $0.00200600
2026-08-14 21:03:09,323 - INFO - monitor - REST added token: 274HcT76... @ $0.00260900
2026-08-14 21:03:09,323 - INFO - monitor - REST added token: 99kDGDi5... @ $0.00487900
2026-08-14 21:03:09,325 - INFO - monitor - REST added 5 token(s) to queue
2026-08-14 21:03:10,461 - INFO - main - Max concurrent positions reached, waiting...
2026-08-14 21:03:15,462 - INFO - main - Max concurrent positions reached, waiting...
2026-08-14 21:03:20,476 - INFO - main - Max concurrent positions reached, waiting...
2026-08-14 21:03:25,478 - INFO - main - Max concurrent positions reached, waiting...
2026-08-14 21:03:30,478 - INFO - main - Max concurrent positions reached, waiting...
2026-08-14 21:03:35,479 - INFO - main - Max concurrent positions reached, waiting...
2026-08-14 21:03:40,487 - INFO - main - Max concurrent positions reached, waiting...
2026-08-14 21:03:45,489 - INFO - main - Max concurrent positions reached, waiting...
2026-08-14 21:03:50,524 - INFO - main - Max concurrent positions reached, waiting...
2026-08-14 21:03:55,570 - INFO - main - Max concurrent positions reached, waiting...
2026-08-14 21:04:00,573 - INFO - main - Max concurrent positions reached, waiting...
2026-08-14 21:04:05,575 - INFO - main - Max concurrent positions reached, waiting...
2026-08-14 21:04:10,576 - INFO - main - Max concurrent positions reached, waiting...
2026-08-14 21:04:15,577 - INFO - main - Max concurrent positions reached, waiting...
2026-08-14 21:04:20,579 - INFO - main - Max concurrent positions reached, waiting...
2026-08-14 21:04:25,581 - INFO - main - Max concurrent positions reached, waiting...
2026-08-14 21:04:30,587 - INFO - main - Max concurrent positions reached, waiting...
2026-08-14 21:04:35,588 - INFO - main - Max concurrent positions reached, waiting...
2026-08-14 21:04:40,625 - INFO - main - Max concurrent positions reached, waiting...
2026-08-14 21:04:45,671 - INFO - main - Max concurrent positions reached, waiting...
2026-08-14 21:04:50,725 - INFO - main - Max concurrent positions reached, waiting...
2026-08-14 21:04:55,725 - INFO - main - Max concurrent positions reached, waiting...
2026-08-14 21:05:00,747 - INFO - main - Max concurrent positions reached, waiting...
2026-08-14 21:05:05,751 - INFO - main - Max concurrent positions reached, waiting...
2026-08-14 21:05:10,752 - INFO - main - Max concurrent positions reached, waiting...
2026-08-14 21:05:15,752 - INFO - main - Max concurrent positions reached, waiting...
2026-08-14 21:05:25,757 - INFO - monitor - Queue empty, forcing REST fetch...
2026-08-14 21:05:36,354 - INFO - monitor - Queue empty, forcing REST fetch...
2026-08-14 21:05:47,024 - INFO - monitor - Queue empty, forcing REST fetch...
2026-08-14 21:05:57,981 - INFO - monitor - Queue empty, forcing REST fetch...
2026-08-14 21:06:09,559 - INFO - monitor - Queue empty, forcing REST fetch...
2026-08-14 21:06:21,125 - INFO - monitor - Queue empty, forcing REST fetch...
2026-08-14 21:06:31,778 - INFO - monitor - Queue empty, forcing REST fetch...
2026-08-14 21:06:44,060 - INFO - monitor - Queue empty, forcing REST fetch...
2026-08-14 21:06:55,901 - INFO - monitor - Queue empty, forcing REST fetch...
2026-08-14 21:07:07,747 - INFO - monitor - Queue empty, forcing REST fetch...
2026-08-14 21:07:18,320 - INFO - monitor - Queue empty, forcing REST fetch...
2026-08-14 21:07:27,411 - INFO - monitor - Queue empty, forcing REST fetch...
2026-08-14 21:07:32,099 - INFO - main - Received shutdown signal, saving state...
2026-08-14 21:07:32,102 - INFO - main - State saved. Exiting.
2026-08-14 21:07:35,237 - INFO - main - Initializing MemeBot...
2026-08-14 21:07:35,239 - INFO - main - Restored position 9593dFjs @ 0.00227796
2026-08-14 21:07:35,240 - INFO - main - Restored position EyNbAt2a @ 0.00694577
2026-08-14 21:07:35,240 - INFO - main - Restored position 8FtafPHh @ 0.00843552
2026-08-14 21:07:35,240 - INFO - main - Starting PAPER trading loop (real data)
2026-08-14 21:07:35,240 - INFO - monitor - Paper trading mode – REST discovery + real-time price polling
2026-08-14 21:07:35,242 - INFO - monitor - REST fallback thread started (polls every 10 seconds for new tokens)
2026-08-14 21:07:37,198 - INFO - monitor - REST added token: 9593dFjs... @ $0.00225500
2026-08-14 21:07:37,198 - INFO - monitor - REST added token: EyNbAt2a... @ $0.00687700
2026-08-14 21:07:37,199 - INFO - monitor - REST added token: 8FtafPHh... @ $0.00835200
2026-08-14 21:07:37,199 - INFO - monitor - REST added token: 6Jc7JsWn... @ $0.00687900
2026-08-14 21:07:37,199 - INFO - monitor - REST added token: 0xFbD40b... @ $0.00281000
2026-08-14 21:07:37,200 - INFO - monitor - REST added token: Eg8uZs9R... @ $0.00680700
2026-08-14 21:07:37,200 - INFO - monitor - REST added token: 7v1hhtPk... @ $0.00000667
2026-08-14 21:07:37,200 - INFO - monitor - REST added token: CpLdd5Zy... @ $0.00000426
2026-08-14 21:07:37,201 - INFO - monitor - REST added token: EJ8gMGoV... @ $0.00000151
2026-08-14 21:07:37,201 - INFO - monitor - REST added 9 token(s) to queue
2026-08-14 21:07:40,186 - INFO - monitor - REST added token: 0x311935... @ $75.08900000
2026-08-14 21:07:40,187 - INFO - monitor - REST added token: GqR98CsE... @ $85.48000000
2026-08-14 21:07:40,188 - INFO - monitor - REST added token: sosd5Q3D... @ $143.20000000
2026-08-14 21:07:40,188 - INFO - monitor - REST added token: 7AEEdoP2... @ $85.01900000
2026-08-14 21:07:40,188 - INFO - monitor - REST added token: 5XXn2PCJ... @ $87.58000000
2026-08-14 21:07:40,188 - INFO - monitor - REST added token: A9ecbzft... @ $79.82000000
2026-08-14 21:07:40,189 - INFO - monitor - REST added token: 672ArEjP... @ $81.10000000
2026-08-14 21:07:40,189 - INFO - monitor - REST added token: DWCj1WhL... @ $84.54000000
2026-08-14 21:07:40,189 - INFO - monitor - REST added token: 8F8FLuwv... @ $83.42000000
2026-08-14 21:07:40,190 - INFO - monitor - REST added token: sokhCSmz... @ $92.43000000
2026-08-14 21:07:40,190 - INFO - monitor - REST added token: SooEj828... @ $78.36000000
2026-08-14 21:07:40,190 - INFO - monitor - REST added token: ALAcK3Ds... @ $86.52000000
2026-08-14 21:07:40,190 - INFO - monitor - REST added token: BCWd9Gw3... @ $84.29000000
2026-08-14 21:07:40,191 - INFO - monitor - REST added 13 token(s) to queue
2026-08-14 21:07:40,225 - INFO - monitor - REST added 9 token(s) to queue
2026-08-14 21:07:42,113 - INFO - monitor - REST added token: FqNUcgaY... @ $0.00038050
2026-08-14 21:07:42,114 - INFO - monitor - REST added token: FThrNpdi... @ $0.00092980
2026-08-14 21:07:42,114 - INFO - monitor - REST added token: 6GmAFSYs... @ $0.01128000
2026-08-14 21:07:42,114 - INFO - monitor - REST added token: HxQhDGYq... @ $0.00369600
2026-08-14 21:07:42,115 - INFO - monitor - REST added token: 7cFG9Jj6... @ $0.00012500
2026-08-14 21:07:42,115 - INFO - monitor - REST added token: 8XtRWb4u... @ $0.00315000
2026-08-14 21:07:42,115 - INFO - monitor - REST added token: 9BB6NFEc... @ $0.13840000
2026-08-14 21:07:42,115 - INFO - monitor - REST added 20 token(s) to queue
2026-08-14 21:07:42,648 - INFO - monitor - REST added token: 5XyKkFaJ... @ $0.00038820
2026-08-14 21:07:42,648 - INFO - monitor - REST added token: DKu9kykS... @ $0.01453000
2026-08-14 21:07:42,648 - INFO - monitor - REST added token: CARDSccU... @ $0.15660000
2026-08-14 21:07:42,649 - INFO - monitor - REST added token: 8xH8ikqG... @ $0.00067150
2026-08-14 21:07:42,649 - INFO - monitor - REST added token: pumpCmXq... @ $0.00282300
2026-08-14 21:07:42,650 - INFO - monitor - REST added token: Dz9mQ9Nz... @ $0.03932000
2026-08-14 21:07:42,650 - INFO - monitor - REST added token: EFuksA43... @ $0.00465500
2026-08-14 21:07:42,650 - INFO - monitor - REST added token: HKJHsYJH... @ $0.00502900
2026-08-14 21:07:42,651 - INFO - monitor - REST added token: J6pQQ3FA... @ $0.05122000
2026-08-14 21:07:42,651 - INFO - monitor - REST added token: 7Y6Rix8X... @ $0.00179600
2026-08-14 21:07:42,651 - INFO - monitor - REST added token: 4kjruqGH... @ $0.00193100
2026-08-14 21:07:42,651 - INFO - monitor - REST added 20 token(s) to queue
2026-08-14 21:07:44,179 - INFO - main - Price monitor loop started (every 2s)
2026-08-14 21:07:44,179 - INFO - main - Max concurrent positions reached, waiting...
2026-08-14 21:07:49,181 - INFO - main - Max concurrent positions reached, waiting...
2026-08-14 21:07:54,183 - INFO - main - Max concurrent positions reached, waiting...
2026-08-14 21:07:57,222 - INFO - monitor - REST added token: Ce2gx9KG... @ $0.02447000
2026-08-14 21:07:57,223 - INFO - monitor - REST added token: 4N4DnNo3... @ $0.00361700
2026-08-14 21:07:57,223 - INFO - monitor - REST added 2 token(s) to queue
2026-08-14 21:07:58,703 - INFO - monitor - REST added token: 0xB7C000... @ $0.01023000
2026-08-14 21:07:58,703 - INFO - monitor - REST added token: 0xec4252... @ $0.00200600
2026-08-14 21:07:58,704 - INFO - monitor - REST added token: 274HcT76... @ $0.00260900
2026-08-14 21:07:58,704 - INFO - monitor - REST added token: 99kDGDi5... @ $0.00487900
2026-08-14 21:07:58,704 - INFO - monitor - REST added 6 token(s) to queue
2026-08-14 21:07:59,184 - INFO - main - Max concurrent positions reached, waiting...
2026-08-14 21:08:04,185 - INFO - main - Max concurrent positions reached, waiting...
2026-08-14 21:08:09,208 - INFO - main - Max concurrent positions reached, waiting...
2026-08-14 21:08:14,213 - INFO - main - Max concurrent positions reached, waiting...
2026-08-14 21:08:19,214 - INFO - main - Max concurrent positions reached, waiting...
2026-08-14 21:08:24,216 - INFO - main - Max concurrent positions reached, waiting...
2026-08-14 21:08:29,218 - INFO - main - Max concurrent positions reached, waiting...
2026-08-14 21:08:34,224 - INFO - main - Max concurrent positions reached, waiting...
2026-08-14 21:08:39,225 - INFO - main - Max concurrent positions reached, waiting...
2026-08-14 21:08:44,226 - INFO - main - Max concurrent positions reached, waiting...
2026-08-14 21:08:46,875 - INFO - monitor - REST added token: ukHH6c7m... @ $0.00079920
2026-08-14 21:08:46,875 - INFO - monitor - REST added 1 token(s) to queue
2026-08-14 21:08:48,530 - INFO - monitor - REST added 1 token(s) to queue
2026-08-14 21:08:49,227 - INFO - main - Max concurrent positions reached, waiting...
2026-08-14 21:08:54,227 - INFO - main - Max concurrent positions reached, waiting...
2026-08-14 21:08:59,250 - INFO - main - Max concurrent positions reached, waiting...
2026-08-14 21:09:04,252 - INFO - main - Max concurrent positions reached, waiting...
2026-08-14 21:09:09,253 - INFO - main - Max concurrent positions reached, waiting...
2026-08-14 21:09:14,254 - INFO - main - Max concurrent positions reached, waiting...
2026-08-14 21:09:19,255 - INFO - main - Max concurrent positions reached, waiting...
2026-08-14 21:09:24,256 - INFO - main - Max concurrent positions reached, waiting...
2026-08-14 21:09:29,258 - INFO - main - Max concurrent positions reached, waiting...
2026-08-14 21:09:34,262 - INFO - main - Max concurrent positions reached, waiting...
2026-08-14 21:09:39,269 - INFO - main - Max concurrent positions reached, waiting...
2026-08-14 21:09:44,281 - INFO - main - Max concurrent positions reached, waiting...
2026-08-14 21:09:49,281 - INFO - main - Max concurrent positions reached, waiting...
2026-08-14 21:09:54,283 - INFO - main - Max concurrent positions reached, waiting...
2026-08-14 21:09:59,284 - INFO - main - Max concurrent positions reached, waiting...
2026-08-14 21:10:04,285 - INFO - main - Max concurrent positions reached, waiting...
2026-08-14 21:10:09,298 - INFO - main - Max concurrent positions reached, waiting...
2026-08-14 21:10:14,321 - INFO - main - Max concurrent positions reached, waiting...
2026-08-14 21:10:19,323 - INFO - main - Max concurrent positions reached, waiting...
2026-08-14 21:10:24,324 - INFO - main - Max concurrent positions reached, waiting...
2026-08-14 21:10:29,326 - INFO - main - Max concurrent positions reached, waiting...
2026-08-14 21:10:34,327 - INFO - main - Max concurrent positions reached, waiting...
2026-08-14 21:10:39,328 - INFO - main - Max concurrent positions reached, waiting...
2026-08-14 21:10:44,330 - INFO - main - Max concurrent positions reached, waiting...
2026-08-14 21:10:49,332 - INFO - main - Max concurrent positions reached, waiting...
2026-08-14 21:10:54,334 - INFO - main - Max concurrent positions reached, waiting...
2026-08-14 21:10:59,336 - INFO - main - Max concurrent positions reached, waiting...
2026-08-14 21:11:04,336 - INFO - main - Max concurrent positions reached, waiting...
2026-08-14 21:11:09,337 - INFO - main - Max concurrent positions reached, waiting...
2026-08-14 21:11:14,338 - INFO - main - Max concurrent positions reached, waiting...
2026-08-14 21:11:19,345 - INFO - main - Max concurrent positions reached, waiting...
2026-08-14 21:11:24,346 - INFO - main - Max concurrent positions reached, waiting...
2026-08-14 21:11:29,347 - INFO - main - Max concurrent positions reached, waiting...
2026-08-14 21:11:34,348 - INFO - main - Max concurrent positions reached, waiting...
2026-08-14 21:11:44,349 - INFO - monitor - Queue empty, forcing REST fetch...
2026-08-14 21:11:54,550 - INFO - monitor - Queue empty, forcing REST fetch...
2026-08-14 21:12:04,729 - INFO - monitor - Queue empty, forcing REST fetch...
2026-08-14 21:12:14,776 - INFO - monitor - Queue empty, forcing REST fetch...
2026-08-14 21:12:26,286 - INFO - monitor - Queue empty, forcing REST fetch...
2026-08-14 21:12:37,819 - INFO - monitor - Queue empty, forcing REST fetch...
2026-08-14 21:12:42,150 - INFO - main - Received shutdown signal, saving state...
2026-08-14 21:12:42,153 - INFO - main - State saved. Exiting.
2026-08-14 21:18:25,620 - INFO - main - Initializing MemeBot...
2026-08-14 21:18:25,622 - INFO - main - Restored position 9593dFjs @ 0.00227796
2026-08-14 21:18:25,624 - INFO - main - Restored position EyNbAt2a @ 0.00694577
2026-08-14 21:18:25,624 - INFO - main - Restored position 8FtafPHh @ 0.00843552
2026-08-14 21:18:25,625 - INFO - main - Starting PAPER trading loop (real data)
2026-08-14 21:18:25,625 - INFO - monitor - Paper trading mode – REST discovery + real-time price polling
2026-08-14 21:18:25,628 - INFO - monitor - REST fallback thread started (polls every 10 seconds for new tokens)
2026-08-14 21:18:27,833 - INFO - monitor - REST added token: 9593dFjs... @ $0.00225500
2026-08-14 21:18:27,834 - INFO - monitor - REST added token: EyNbAt2a... @ $0.00687700
2026-08-14 21:18:27,834 - INFO - monitor - REST added token: 8FtafPHh... @ $0.00835200
2026-08-14 21:18:27,834 - INFO - monitor - REST added token: 6Jc7JsWn... @ $0.00687900
2026-08-14 21:18:27,835 - INFO - monitor - REST added token: 0xFbD40b... @ $0.00281000
2026-08-14 21:18:27,835 - INFO - monitor - REST added token: Eg8uZs9R... @ $0.00680700
2026-08-14 21:18:27,835 - INFO - monitor - REST added token: 7v1hhtPk... @ $0.00000667
2026-08-14 21:18:27,836 - INFO - monitor - REST added token: CpLdd5Zy... @ $0.00000426
2026-08-14 21:18:27,836 - INFO - monitor - REST added token: EJ8gMGoV... @ $0.00000151
2026-08-14 21:18:27,836 - INFO - monitor - REST added 9 token(s) to queue
2026-08-14 21:18:29,447 - INFO - monitor - REST added token: 0x311935... @ $75.06100000
2026-08-14 21:18:29,447 - INFO - monitor - REST added token: GqR98CsE... @ $85.48000000
2026-08-14 21:18:29,452 - INFO - monitor - REST added token: sosd5Q3D... @ $143.20000000
2026-08-14 21:18:29,452 - INFO - monitor - REST added token: 7AEEdoP2... @ $85.01900000
2026-08-14 21:18:29,452 - INFO - monitor - REST added token: 5XXn2PCJ... @ $87.58000000
2026-08-14 21:18:29,452 - INFO - monitor - REST added token: DWCj1WhL... @ $84.54000000
2026-08-14 21:18:29,455 - INFO - monitor - REST added token: BCWd9Gw3... @ $84.29000000
2026-08-14 21:18:29,456 - INFO - monitor - REST added token: A9ecbzft... @ $79.82000000
2026-08-14 21:18:29,457 - INFO - monitor - REST added token: 672ArEjP... @ $81.10000000
2026-08-14 21:18:29,458 - INFO - monitor - REST added token: sokhCSmz... @ $92.43000000
2026-08-14 21:18:29,460 - INFO - monitor - REST added token: 8F8FLuwv... @ $83.42000000
2026-08-14 21:18:29,460 - INFO - monitor - REST added token: SooEj828... @ $78.36000000
2026-08-14 21:18:29,461 - INFO - monitor - REST added token: ALAcK3Ds... @ $86.52000000
2026-08-14 21:18:29,461 - INFO - monitor - REST added 16 token(s) to queue
2026-08-14 21:18:29,462 - INFO - monitor - REST added 6 token(s) to queue
2026-08-14 21:18:31,089 - INFO - monitor - REST added token: FqNUcgaY... @ $0.00035630
2026-08-14 21:18:31,089 - INFO - monitor - REST added token: FThrNpdi... @ $0.00092130
2026-08-14 21:18:31,089 - INFO - monitor - REST added token: 6GmAFSYs... @ $0.01074000
2026-08-14 21:18:31,090 - INFO - monitor - REST added token: HxQhDGYq... @ $0.00369600
2026-08-14 21:18:31,090 - INFO - monitor - REST added token: 7cFG9Jj6... @ $0.00019530
2026-08-14 21:18:31,090 - INFO - monitor - REST added token: 8XtRWb4u... @ $0.00321700
2026-08-14 21:18:31,091 - INFO - monitor - REST added token: 9BB6NFEc... @ $0.13850000
2026-08-14 21:18:31,091 - INFO - monitor - REST added token: 5XyKkFaJ... @ $0.00037700
2026-08-14 21:18:31,091 - INFO - monitor - REST added token: DKu9kykS... @ $0.01454000
2026-08-14 21:18:31,091 - INFO - monitor - REST added token: CARDSccU... @ $0.15660000
2026-08-14 21:18:31,092 - INFO - monitor - REST added token: 8xH8ikqG... @ $0.00063920
2026-08-14 21:18:31,092 - INFO - monitor - REST added token: pumpCmXq... @ $0.00280900
2026-08-14 21:18:31,092 - INFO - monitor - REST added token: Dz9mQ9Nz... @ $0.03922000
2026-08-14 21:18:31,092 - INFO - monitor - REST added token: EFuksA43... @ $0.00466100
2026-08-14 21:18:31,093 - INFO - monitor - REST added 20 token(s) to queue
2026-08-14 21:18:32,580 - INFO - monitor - REST added token: HKJHsYJH... @ $0.00502200
2026-08-14 21:18:32,580 - INFO - monitor - REST added token: J6pQQ3FA... @ $0.05126000
2026-08-14 21:18:32,580 - INFO - monitor - REST added token: 7Y6Rix8X... @ $0.00180600
2026-08-14 21:18:32,581 - INFO - monitor - REST added token: Ce2gx9KG... @ $0.02458000
2026-08-14 21:18:32,581 - INFO - monitor - REST added 20 token(s) to queue
2026-08-14 21:18:33,837 - INFO - main - Price monitor loop started (every 2s)
2026-08-14 21:18:33,838 - INFO - main - Max concurrent positions reached, waiting...
2026-08-14 21:18:35,125 - INFO - exit_logic - Timeout triggered for 9593dFjs @ 0.00225500
2026-08-14 21:18:35,150 - INFO - execution - [PAPER] SELL 9593dFjsLKKRAaz4LX1eK2DDEgrzfu3idb6yvMysD6A1 @ 0.002255 amount=$5.00 reason=TIMEOUT
2026-08-14 21:18:35,150 - INFO - risk_manager - Trade recorded: loss | PnL=$-0.05 | Daily PnL=$-0.05 | Weekly PnL=$-0.05 | Consecutive losses=1
2026-08-14 21:18:35,154 - INFO - main - Closed 9593dFjs @ 0.00225500 reason=TIMEOUT PnL=-1.01%
2026-08-14 21:18:38,500 - INFO - exit_logic - Timeout triggered for EyNbAt2a @ 0.00687700
2026-08-14 21:18:38,521 - INFO - execution - [PAPER] SELL EyNbAt2aavE1SbEpmKCLxniHGKez9KqF93zwvAojFKa6 @ 0.006877 amount=$5.00 reason=TIMEOUT
2026-08-14 21:18:38,522 - INFO - risk_manager - Trade recorded: loss | PnL=$-0.05 | Daily PnL=$-0.10 | Weekly PnL=$-0.10 | Consecutive losses=2
2026-08-14 21:18:38,525 - INFO - main - Closed EyNbAt2a @ 0.00687700 reason=TIMEOUT PnL=-0.99%
2026-08-14 21:18:41,367 - INFO - exit_logic - Timeout triggered for 8FtafPHh @ 0.00835200
2026-08-14 21:18:41,378 - INFO - execution - [PAPER] SELL 8FtafPHhmYVtKQYrbNs4ZSS2Hwykw5dJ3t1JtGsC5yBx @ 0.008352 amount=$5.00 reason=TIMEOUT
2026-08-14 21:18:41,379 - WARNING - risk_manager - Circuit breaker triggered after 3 consecutive losses. Paused for 1 hours.
2026-08-14 21:18:41,390 - INFO - risk_manager - Trade recorded: loss | PnL=$-0.05 | Daily PnL=$-0.15 | Weekly PnL=$-0.15 | Consecutive losses=3
2026-08-14 21:18:41,397 - INFO - main - Closed 8FtafPHh @ 0.00835200 reason=TIMEOUT PnL=-0.99%
2026-08-14 21:18:43,850 - INFO - monitor - Queue empty, forcing REST fetch...
2026-08-14 21:18:45,394 - INFO - monitor - REST added token: 4kjruqGH... @ $0.00182500
2026-08-14 21:18:45,396 - INFO - monitor - REST added token: ukHH6c7m... @ $0.00079960
2026-08-14 21:18:45,397 - INFO - monitor - REST added 2 token(s) to queue
2026-08-14 21:18:46,922 - INFO - monitor - REST added token: 0xB7C000... @ $0.01023000
2026-08-14 21:18:46,922 - INFO - monitor - REST added token: 0xec4252... @ $0.00200900
2026-08-14 21:18:46,923 - INFO - monitor - REST added token: 274HcT76... @ $0.00260900
2026-08-14 21:18:46,923 - INFO - monitor - REST added token: 99kDGDi5... @ $0.00487900
2026-08-14 21:18:46,924 - INFO - monitor - REST added 6 token(s) to queue
2026-08-14 21:18:49,567 - INFO - main - Risk limit reached, pausing discovery
2026-08-14 21:18:59,568 - INFO - main - Risk limit reached, pausing discovery
2026-08-14 21:19:09,569 - INFO - main - Risk limit reached, pausing discovery
2026-08-14 21:19:19,570 - INFO - main - Risk limit reached, pausing discovery
2026-08-14 21:19:25,565 - INFO - main - Received shutdown signal, saving state...
2026-08-14 21:19:25,569 - INFO - main - State saved. Exiting.
2026-08-16 01:22:37,142 - INFO - main - Initializing MemeBot...
2026-08-16 01:22:37,264 - INFO - main - State file removed.
2026-08-16 01:22:37,265 - INFO - main - Starting PAPER trading loop (real data)
2026-08-16 01:22:37,267 - INFO - monitor - Paper trading mode – REST discovery + real-time price polling
2026-08-16 01:22:37,292 - INFO - monitor - REST fallback thread started (polls every 10 seconds for new tokens)
2026-08-16 01:22:38,726 - INFO - monitor - REST added token: 9593dFjs... @ $0.00225500
2026-08-16 01:22:38,731 - INFO - monitor - REST added token: EyNbAt2a... @ $0.00687700
2026-08-16 01:22:38,735 - INFO - monitor - REST added token: 6Jc7JsWn... @ $0.00687900
2026-08-16 01:22:38,738 - INFO - monitor - REST added token: 8FtafPHh... @ $0.00835200
2026-08-16 01:22:38,738 - INFO - monitor - REST added token: 0xFbD40b... @ $0.00274600
2026-08-16 01:22:38,739 - INFO - monitor - REST added token: 0xF133B7... @ $0.00157700
2026-08-16 01:22:38,748 - INFO - monitor - REST added token: 0xf2311C... @ $0.00183200
2026-08-16 01:22:38,749 - INFO - monitor - REST added token: Eg8uZs9R... @ $0.00680700
2026-08-16 01:22:38,749 - INFO - monitor - REST added token: 0xddA267... @ $0.00019780
2026-08-16 01:22:38,751 - INFO - monitor - REST added token: 0x703286... @ $0.00181200
2026-08-16 01:22:38,752 - INFO - monitor - REST added token: 0xAE2Df3... @ $0.00001166
2026-08-16 01:22:38,752 - INFO - monitor - REST added token: HfNw1rT7... @ $0.00000312
2026-08-16 01:22:38,767 - INFO - monitor - REST added token: AfwyNJG2... @ $0.00000147
2026-08-16 01:22:38,769 - INFO - monitor - REST added 13 token(s) to queue
2026-08-16 01:22:40,111 - INFO - main - Price monitor loop started (every 2s)
2026-08-16 01:22:45,121 - INFO - monitor - Queue empty, forcing REST fetch...
2026-08-16 01:22:47,362 - INFO - monitor - REST added token: 0x311935... @ $75.30000000
2026-08-16 01:22:47,362 - INFO - monitor - REST added token: 5vhw96LZ... @ $76.06400000
2026-08-16 01:22:47,363 - INFO - monitor - REST added token: BCWd9Gw3... @ $84.29000000
2026-08-16 01:22:47,364 - INFO - monitor - REST added token: 7AEEdoP2... @ $85.01900000
2026-08-16 01:22:47,365 - INFO - monitor - REST added token: ALAcK3Ds... @ $86.52000000
2026-08-16 01:22:47,365 - INFO - monitor - REST added token: GqR98CsE... @ $85.48000000
2026-08-16 01:22:47,366 - INFO - monitor - REST added token: SooEj828... @ $78.36000000
2026-08-16 01:22:47,367 - INFO - monitor - REST added token: 5XXn2PCJ... @ $87.58000000
2026-08-16 01:22:47,367 - INFO - monitor - REST added token: 672ArEjP... @ $81.10000000
2026-08-16 01:22:47,368 - INFO - monitor - REST added token: A9ecbzft... @ $79.82000000
2026-08-16 01:22:47,371 - INFO - monitor - REST added token: DWCj1WhL... @ $84.54000000
2026-08-16 01:22:47,371 - INFO - monitor - REST added token: 8F8FLuwv... @ $83.42000000
2026-08-16 01:22:47,372 - INFO - monitor - REST added token: sokhCSmz... @ $92.43000000
2026-08-16 01:22:47,373 - INFO - monitor - REST added token: sosd5Q3D... @ $143.20000000
2026-08-16 01:22:47,374 - INFO - monitor - REST added 14 token(s) to queue
2026-08-16 01:22:48,414 - INFO - monitor - REST added token: H3f4jYE3... @ $0.00039120
2026-08-16 01:22:48,415 - INFO - monitor - REST added token: HxQhDGYq... @ $0.00387300
2026-08-16 01:22:48,416 - INFO - monitor - REST added token: 6GmAFSYs... @ $0.00885400
2026-08-16 01:22:48,416 - INFO - monitor - REST added token: CARDSccU... @ $0.19300000
2026-08-16 01:22:48,417 - INFO - monitor - REST added token: FqNUcgaY... @ $0.00021950
2026-08-16 01:22:48,418 - INFO - monitor - REST added token: ukHH6c7m... @ $0.00083560
2026-08-16 01:22:48,418 - INFO - monitor - REST added 20 token(s) to queue
2026-08-16 01:22:52,747 - INFO - monitor - REST added token: 8XtRWb4u... @ $0.00322900
2026-08-16 01:22:52,748 - INFO - monitor - REST added token: FThrNpdi... @ $0.00077950
2026-08-16 01:22:52,749 - INFO - monitor - REST added token: pumpCmXq... @ $0.00275500
2026-08-16 01:22:52,750 - INFO - monitor - REST added token: 9BB6NFEc... @ $0.14300000
2026-08-16 01:22:52,751 - INFO - monitor - REST added token: FFT4bgyr... @ $0.00009002
2026-08-16 01:22:52,752 - INFO - monitor - REST added token: 4N4DnNo3... @ $0.00394500
2026-08-16 01:22:52,752 - INFO - monitor - REST added token: DKu9kykS... @ $0.01420000
2026-08-16 01:22:52,753 - INFO - monitor - REST added token: Dz9mQ9Nz... @ $0.03872000
2026-08-16 01:22:52,755 - INFO - monitor - REST added token: KENJSUYL... @ $0.01269000
2026-08-16 01:22:52,756 - INFO - monitor - REST added token: 8x5VqbHA... @ $0.03802000
2026-08-16 01:22:52,757 - INFO - monitor - REST added token: 61V8vBaq... @ $0.07193000
2026-08-16 01:22:52,757 - INFO - monitor - REST added token: 6hxu7BY4... @ $0.00018990
2026-08-16 01:22:52,758 - INFO - monitor - REST added token: 8xH8ikqG... @ $0.00039720
2026-08-16 01:22:52,758 - INFO - monitor - REST added token: 5XyKkFaJ... @ $0.00031240
2026-08-16 01:22:52,759 - INFO - monitor - REST added 14 token(s) to queue
2026-08-16 01:22:53,706 - INFO - monitor - REST added token: 0xB7C000... @ $0.01047000
2026-08-16 01:22:53,708 - INFO - monitor - REST added token: 0xec4252... @ $0.00203200
2026-08-16 01:22:53,709 - INFO - monitor - REST added token: TDECSYjD... @ $0.00003635
2026-08-16 01:22:53,710 - INFO - monitor - REST added token: 274HcT76... @ $0.00260900
2026-08-16 01:22:53,711 - INFO - monitor - REST added token: 99kDGDi5... @ $0.00487900
2026-08-16 01:22:53,712 - INFO - monitor - REST added 19 token(s) to queue
2026-08-16 01:22:58,725 - INFO - monitor - Queue empty, forcing REST fetch...
2026-08-16 01:23:07,891 - INFO - monitor - Queue empty, forcing REST fetch...
2026-08-16 01:23:16,927 - INFO - monitor - Queue empty, forcing REST fetch...
2026-08-16 01:23:26,336 - INFO - monitor - Queue empty, forcing REST fetch...
2026-08-16 01:23:35,552 - INFO - monitor - Queue empty, forcing REST fetch...
2026-08-16 01:23:44,485 - INFO - monitor - Queue empty, forcing REST fetch...
2026-08-16 01:23:53,399 - INFO - monitor - Queue empty, forcing REST fetch...
2026-08-16 01:24:02,662 - INFO - monitor - Queue empty, forcing REST fetch...
2026-08-16 01:24:11,929 - INFO - monitor - Queue empty, forcing REST fetch...
2026-08-16 01:24:21,511 - INFO - monitor - Queue empty, forcing REST fetch...
2026-08-16 01:24:31,155 - INFO - monitor - Queue empty, forcing REST fetch...
2026-08-16 01:24:40,430 - INFO - monitor - Queue empty, forcing REST fetch...
2026-08-16 01:24:49,361 - INFO - monitor - Queue empty, forcing REST fetch...
2026-08-16 01:24:58,323 - INFO - monitor - Queue empty, forcing REST fetch...
2026-08-16 01:25:07,751 - INFO - monitor - Queue empty, forcing REST fetch...
2026-08-16 01:25:17,138 - INFO - monitor - Queue empty, forcing REST fetch...
2026-08-16 01:25:26,213 - INFO - monitor - Queue empty, forcing REST fetch...
2026-08-16 01:25:35,233 - INFO - monitor - Queue empty, forcing REST fetch...
2026-08-16 01:25:44,653 - INFO - monitor - Queue empty, forcing REST fetch...
2026-08-16 01:25:53,697 - INFO - monitor - Queue empty, forcing REST fetch...
2026-08-16 01:26:02,963 - INFO - monitor - Queue empty, forcing REST fetch...
2026-08-16 01:26:12,272 - INFO - monitor - Queue empty, forcing REST fetch...
2026-08-16 01:26:21,570 - INFO - monitor - Queue empty, forcing REST fetch...
2026-08-16 01:26:27,786 - INFO - monitor - Queue empty, forcing REST fetch...
2026-08-16 01:26:36,827 - INFO - monitor - Queue empty, forcing REST fetch...
2026-08-16 01:26:46,557 - INFO - monitor - Queue empty, forcing REST fetch...
2026-08-16 01:26:55,725 - INFO - monitor - Queue empty, forcing REST fetch...
2026-08-16 01:27:04,598 - INFO - monitor - Queue empty, forcing REST fetch...
2026-08-16 01:27:15,701 - INFO - monitor - Queue empty, forcing REST fetch...
2026-08-16 01:27:24,653 - INFO - monitor - Queue empty, forcing REST fetch...
2026-08-16 01:27:33,975 - INFO - monitor - Queue empty, forcing REST fetch...
2026-08-16 01:27:43,178 - INFO - monitor - Queue empty, forcing REST fetch...
2026-08-16 01:27:49,195 - INFO - monitor - Queue empty, forcing REST fetch...
2026-08-16 01:27:58,902 - INFO - monitor - Queue empty, forcing REST fetch...
2026-08-16 01:28:11,255 - INFO - monitor - Queue empty, forcing REST fetch...
2026-08-16 01:28:18,615 - INFO - monitor - Queue empty, forcing REST fetch...
2026-08-16 01:28:27,816 - INFO - monitor - Queue empty, forcing REST fetch...
2026-08-16 01:28:36,971 - INFO - monitor - Queue empty, forcing REST fetch...
2026-08-16 01:28:46,024 - INFO - monitor - Queue empty, forcing REST fetch...
2026-08-16 01:28:56,105 - INFO - monitor - Queue empty, forcing REST fetch...
2026-08-16 01:29:05,335 - INFO - monitor - Queue empty, forcing REST fetch...
2026-08-16 01:29:14,290 - INFO - monitor - Queue empty, forcing REST fetch...
2026-08-16 01:29:24,047 - INFO - monitor - Queue empty, forcing REST fetch...
2026-08-16 01:29:33,069 - INFO - monitor - Queue empty, forcing REST fetch...
2026-08-16 01:29:41,151 - INFO - monitor - Queue empty, forcing REST fetch...
2026-08-16 01:29:51,055 - INFO - monitor - Queue empty, forcing REST fetch...
2026-08-16 01:30:00,287 - INFO - monitor - Queue empty, forcing REST fetch...
2026-08-16 01:30:09,458 - INFO - monitor - Queue empty, forcing REST fetch...
2026-08-16 01:30:18,772 - INFO - monitor - Queue empty, forcing REST fetch...
2026-08-16 01:30:28,039 - INFO - monitor - Queue empty, forcing REST fetch...
2026-08-16 01:30:37,528 - INFO - monitor - Queue empty, forcing REST fetch...
2026-08-16 01:30:46,802 - INFO - monitor - Queue empty, forcing REST fetch...
2026-08-16 01:30:56,061 - INFO - monitor - Queue empty, forcing REST fetch...
2026-08-16 01:31:05,175 - INFO - monitor - Queue empty, forcing REST fetch...
2026-08-16 01:31:14,333 - INFO - monitor - Queue empty, forcing REST fetch...
2026-08-16 01:31:23,540 - INFO - monitor - Queue empty, forcing REST fetch...
2026-08-16 01:31:32,679 - INFO - monitor - Queue empty, forcing REST fetch...
2026-08-16 01:31:41,852 - INFO - monitor - Queue empty, forcing REST fetch...
2026-08-16 01:31:50,727 - INFO - monitor - Queue empty, forcing REST fetch...
2026-08-16 01:31:59,691 - INFO - monitor - Queue empty, forcing REST fetch...
2026-08-16 01:32:08,814 - INFO - monitor - Queue empty, forcing REST fetch...
2026-08-16 01:32:17,735 - INFO - monitor - Queue empty, forcing REST fetch...
2026-08-16 01:32:26,899 - INFO - monitor - Queue empty, forcing REST fetch...
2026-08-16 01:32:34,999 - INFO - monitor - Queue empty, forcing REST fetch...
2026-08-16 01:32:44,369 - INFO - monitor - Queue empty, forcing REST fetch...
2026-08-16 01:32:53,237 - INFO - monitor - Queue empty, forcing REST fetch...
2026-08-16 01:33:02,295 - INFO - monitor - Queue empty, forcing REST fetch...
2026-08-16 01:33:11,395 - INFO - monitor - Queue empty, forcing REST fetch...
2026-08-16 01:33:20,479 - INFO - monitor - Queue empty, forcing REST fetch...
2026-08-16 01:33:26,502 - INFO - monitor - Queue empty, forcing REST fetch...
2026-08-16 01:33:35,655 - INFO - monitor - Queue empty, forcing REST fetch...
2026-08-16 01:33:44,920 - INFO - monitor - Queue empty, forcing REST fetch...
2026-08-16 01:33:54,357 - INFO - monitor - Queue empty, forcing REST fetch...
2026-08-16 01:34:08,320 - INFO - monitor - Queue empty, forcing REST fetch...
2026-08-16 01:34:16,207 - INFO - monitor - Queue empty, forcing REST fetch...
2026-08-16 01:34:25,690 - INFO - monitor - Queue empty, forcing REST fetch...
2026-08-16 01:34:34,858 - INFO - monitor - Queue empty, forcing REST fetch...
2026-08-16 01:34:43,924 - INFO - monitor - Queue empty, forcing REST fetch...
2026-08-16 01:34:52,743 - INFO - monitor - Queue empty, forcing REST fetch...
2026-08-16 01:34:58,866 - INFO - monitor - Queue empty, forcing REST fetch...
2026-08-16 01:35:09,314 - INFO - monitor - Queue empty, forcing REST fetch...
2026-08-16 01:35:19,009 - INFO - monitor - Queue empty, forcing REST fetch...
2026-08-16 01:35:28,464 - INFO - monitor - Queue empty, forcing REST fetch...
2026-08-16 01:35:37,644 - INFO - monitor - Queue empty, forcing REST fetch...
2026-08-16 01:35:43,546 - INFO - monitor - Queue empty, forcing REST fetch...
2026-08-16 01:35:52,643 - INFO - monitor - Queue empty, forcing REST fetch...
2026-08-16 01:36:01,997 - INFO - monitor - Queue empty, forcing REST fetch...
2026-08-16 01:36:08,940 - INFO - monitor - Queue empty, forcing REST fetch...
2026-08-16 01:36:18,757 - INFO - monitor - Queue empty, forcing REST fetch...
2026-08-16 01:36:28,548 - INFO - monitor - Queue empty, forcing REST fetch...
2026-08-16 01:36:38,467 - INFO - monitor - Queue empty, forcing REST fetch...
2026-08-16 01:36:48,177 - INFO - monitor - Queue empty, forcing REST fetch...
2026-08-16 01:36:57,684 - INFO - monitor - Queue empty, forcing REST fetch...
2026-08-16 01:37:06,896 - INFO - monitor - Queue empty, forcing REST fetch...
2026-08-16 01:37:17,500 - INFO - monitor - Queue empty, forcing REST fetch...
2026-08-16 01:37:26,686 - INFO - monitor - Queue empty, forcing REST fetch...
2026-08-16 01:37:36,176 - INFO - monitor - Queue empty, forcing REST fetch...
2026-08-16 01:37:45,576 - INFO - monitor - Queue empty, forcing REST fetch...
2026-08-16 01:37:54,735 - INFO - monitor - Queue empty, forcing REST fetch...
2026-08-16 01:38:04,506 - INFO - monitor - Queue empty, forcing REST fetch...
2026-08-16 01:38:13,422 - INFO - monitor - Queue empty, forcing REST fetch...
2026-08-16 01:38:19,397 - INFO - monitor - Queue empty, forcing REST fetch...
2026-08-16 01:38:26,901 - INFO - main - Initializing MemeBot...
2026-08-16 01:38:26,910 - INFO - main - Starting PAPER trading loop (real data)
2026-08-16 01:38:26,910 - INFO - monitor - Paper trading mode – REST discovery + real-time price polling
2026-08-16 01:38:26,912 - INFO - monitor - REST fallback thread started (polls every 10 seconds for new tokens)
2026-08-16 01:38:28,184 - INFO - monitor - REST added token: 9593dFjs... @ $0.00225500
2026-08-16 01:38:28,185 - INFO - monitor - REST added token: EyNbAt2a... @ $0.00687700
2026-08-16 01:38:28,185 - INFO - monitor - REST added token: 6Jc7JsWn... @ $0.00687900
2026-08-16 01:38:28,186 - INFO - monitor - REST added token: 8FtafPHh... @ $0.00835200
2026-08-16 01:38:28,186 - INFO - monitor - REST added token: 0xFbD40b... @ $0.00274600
2026-08-16 01:38:28,186 - INFO - monitor - REST added token: 0xF133B7... @ $0.00157700
2026-08-16 01:38:28,187 - INFO - monitor - REST added token: 0xf2311C... @ $0.00183200
2026-08-16 01:38:28,187 - INFO - monitor - REST added token: Eg8uZs9R... @ $0.00680700
2026-08-16 01:38:28,187 - INFO - monitor - REST added token: 0xddA267... @ $0.00019780
2026-08-16 01:38:28,187 - INFO - monitor - REST added token: 0x703286... @ $0.00181200
2026-08-16 01:38:28,188 - INFO - monitor - REST added token: 0xAE2Df3... @ $0.00001172
2026-08-16 01:38:28,188 - INFO - monitor - REST added token: HfNw1rT7... @ $0.00000312
2026-08-16 01:38:28,190 - INFO - monitor - REST added token: AfwyNJG2... @ $0.00000147
2026-08-16 01:38:28,191 - INFO - monitor - REST added 12 token(s) to queue
2026-08-16 01:38:28,192 - INFO - monitor - REST added 1 token(s) to queue
2026-08-16 01:38:28,817 - INFO - monitor - Queue empty, forcing REST fetch...
2026-08-16 01:38:29,322 - INFO - monitor - REST added token: 0x311935... @ $75.36000000
2026-08-16 01:38:29,322 - INFO - monitor - REST added token: 5vhw96LZ... @ $76.06400000
2026-08-16 01:38:29,323 - INFO - monitor - REST added token: ALAcK3Ds... @ $86.52000000
2026-08-16 01:38:29,323 - INFO - monitor - REST added token: 7AEEdoP2... @ $85.01900000
2026-08-16 01:38:29,323 - INFO - monitor - REST added token: BCWd9Gw3... @ $84.29000000
2026-08-16 01:38:29,324 - INFO - monitor - REST added token: GqR98CsE... @ $85.48000000
2026-08-16 01:38:29,324 - INFO - monitor - REST added token: sokhCSmz... @ $92.43000000
2026-08-16 01:38:29,324 - INFO - monitor - REST added token: 8F8FLuwv... @ $83.42000000
2026-08-16 01:38:29,325 - INFO - monitor - REST added 20 token(s) to queue
2026-08-16 01:38:29,340 - INFO - monitor - REST added token: A9ecbzft... @ $79.82000000
2026-08-16 01:38:29,340 - INFO - monitor - REST added token: DWCj1WhL... @ $84.54000000
2026-08-16 01:38:29,340 - INFO - monitor - REST added token: sosd5Q3D... @ $143.20000000
2026-08-16 01:38:29,341 - INFO - monitor - REST added token: SooEj828... @ $78.36000000
2026-08-16 01:38:29,342 - INFO - monitor - REST added token: 672ArEjP... @ $81.10000000
2026-08-16 01:38:29,342 - INFO - monitor - REST added token: 5XXn2PCJ... @ $87.58000000
2026-08-16 01:38:29,342 - INFO - monitor - REST added 7 token(s) to queue
2026-08-16 01:38:30,316 - INFO - monitor - REST added token: H3f4jYE3... @ $0.00039180
2026-08-16 01:38:30,316 - INFO - monitor - REST added token: HxQhDGYq... @ $0.00385200
2026-08-16 01:38:30,316 - INFO - monitor - REST added token: 6GmAFSYs... @ $0.00913200
2026-08-16 01:38:30,317 - INFO - monitor - REST added token: CARDSccU... @ $0.19130000
2026-08-16 01:38:30,317 - INFO - monitor - REST added token: FqNUcgaY... @ $0.00022750
2026-08-16 01:38:30,317 - INFO - monitor - REST added token: ukHH6c7m... @ $0.00084800
2026-08-16 01:38:30,318 - INFO - monitor - REST added token: 8XtRWb4u... @ $0.00321300
2026-08-16 01:38:30,318 - INFO - monitor - REST added token: FThrNpdi... @ $0.00076500
2026-08-16 01:38:30,318 - INFO - monitor - REST added token: pumpCmXq... @ $0.00276200
2026-08-16 01:38:30,318 - INFO - monitor - REST added token: 9BB6NFEc... @ $0.14390000
2026-08-16 01:38:30,319 - INFO - monitor - REST added token: FFT4bgyr... @ $0.00008948
2026-08-16 01:38:30,319 - INFO - monitor - REST added token: 4N4DnNo3... @ $0.00394400
2026-08-16 01:38:30,320 - INFO - monitor - REST added token: DKu9kykS... @ $0.01399000
2026-08-16 01:38:30,320 - INFO - monitor - REST added 20 token(s) to queue
2026-08-16 01:38:31,294 - INFO - main - Price monitor loop started (every 2s)
2026-08-16 01:38:36,307 - INFO - monitor - Queue empty, forcing REST fetch...
2026-08-16 01:38:37,785 - INFO - monitor - Queue empty, forcing REST fetch...
2026-08-16 01:38:39,245 - INFO - monitor - REST added token: Dz9mQ9Nz... @ $0.03872000
2026-08-16 01:38:39,245 - INFO - monitor - REST added token: KENJSUYL... @ $0.01268000
2026-08-16 01:38:39,246 - INFO - monitor - REST added token: 8x5VqbHA... @ $0.03799000
2026-08-16 01:38:39,247 - INFO - monitor - REST added token: 61V8vBaq... @ $0.07185000
2026-08-16 01:38:39,248 - INFO - monitor - REST added token: 6hxu7BY4... @ $0.00019070
2026-08-16 01:38:39,248 - INFO - monitor - REST added token: 8xH8ikqG... @ $0.00039760
2026-08-16 01:38:39,249 - INFO - monitor - REST added token: 5XyKkFaJ... @ $0.00031230
2026-08-16 01:38:39,250 - INFO - monitor - REST added 7 token(s) to queue
2026-08-16 01:38:40,402 - INFO - monitor - REST added token: 0xB7C000... @ $0.01047000
2026-08-16 01:38:40,404 - INFO - monitor - REST added token: 0xec4252... @ $0.00203600
2026-08-16 01:38:40,407 - INFO - monitor - REST added token: TDECSYjD... @ $0.00003635
2026-08-16 01:38:40,409 - INFO - monitor - REST added token: 274HcT76... @ $0.00260900
2026-08-16 01:38:40,412 - INFO - monitor - REST added token: 99kDGDi5... @ $0.00487900
2026-08-16 01:38:40,413 - INFO - monitor - REST added 12 token(s) to queue
2026-08-16 01:38:43,690 - INFO - monitor - Queue empty, forcing REST fetch...
2026-08-16 01:38:45,430 - INFO - monitor - Queue empty, forcing REST fetch...
2026-08-16 01:38:50,691 - INFO - monitor - Queue empty, forcing REST fetch...
2026-08-16 01:38:53,663 - INFO - monitor - REST added token: 63LfDmNb... @ $0.00182400
2026-08-16 01:38:53,663 - INFO - monitor - REST added 1 token(s) to queue
2026-08-16 01:38:54,782 - INFO - monitor - REST added 1 token(s) to queue
2026-08-16 01:38:55,225 - INFO - monitor - Queue empty, forcing REST fetch...
2026-08-16 01:38:56,614 - INFO - monitor - REST added token: 63LfDmNb... @ $0.00182400
2026-08-16 01:38:56,615 - INFO - monitor - REST added 1 token(s) to queue
2026-08-16 01:38:57,714 - INFO - monitor - REST added 1 token(s) to queue
2026-08-16 01:38:59,808 - INFO - monitor - Queue empty, forcing REST fetch...
2026-08-16 01:39:02,141 - INFO - monitor - Queue empty, forcing REST fetch...
2026-08-16 01:39:05,819 - INFO - monitor - Queue empty, forcing REST fetch...
2026-08-16 01:39:11,882 - INFO - monitor - Queue empty, forcing REST fetch...
2026-08-16 01:39:15,188 - INFO - monitor - Queue empty, forcing REST fetch...
2026-08-16 01:39:21,289 - INFO - monitor - Queue empty, forcing REST fetch...
2026-08-16 01:39:24,632 - INFO - monitor - Queue empty, forcing REST fetch...
2026-08-16 01:39:31,052 - INFO - monitor - Queue empty, forcing REST fetch...
2026-08-16 01:39:34,194 - INFO - monitor - Queue empty, forcing REST fetch...
2026-08-16 01:39:39,328 - INFO - monitor - Queue empty, forcing REST fetch...
2026-08-16 01:39:42,197 - INFO - monitor - Queue empty, forcing REST fetch...
2026-08-16 01:39:48,436 - INFO - monitor - Queue empty, forcing REST fetch...
2026-08-16 01:39:51,601 - INFO - monitor - Queue empty, forcing REST fetch...
2026-08-16 01:39:58,041 - INFO - monitor - Queue empty, forcing REST fetch...
2026-08-16 01:40:01,338 - INFO - monitor - Queue empty, forcing REST fetch...
2026-08-16 01:40:07,315 - INFO - monitor - Queue empty, forcing REST fetch...
2026-08-16 01:40:10,616 - INFO - monitor - Queue empty, forcing REST fetch...
2026-08-16 01:40:16,832 - INFO - monitor - Queue empty, forcing REST fetch...
2026-08-16 01:40:20,405 - INFO - monitor - Queue empty, forcing REST fetch...
2026-08-16 01:40:26,298 - INFO - monitor - Queue empty, forcing REST fetch...
2026-08-16 01:40:29,715 - INFO - monitor - Queue empty, forcing REST fetch...
2026-08-16 01:40:32,133 - INFO - monitor - Queue empty, forcing REST fetch...
2026-08-16 01:40:39,415 - INFO - monitor - Queue empty, forcing REST fetch...
2026-08-16 01:40:42,264 - INFO - monitor - Queue empty, forcing REST fetch...
2026-08-16 01:40:48,716 - INFO - monitor - Queue empty, forcing REST fetch...
2026-08-16 01:40:51,628 - INFO - monitor - Queue empty, forcing REST fetch...
2026-08-16 01:40:58,725 - INFO - monitor - Queue empty, forcing REST fetch...
2026-08-16 01:41:01,176 - INFO - monitor - Queue empty, forcing REST fetch...
2026-08-16 01:41:08,986 - INFO - monitor - Queue empty, forcing REST fetch...
2026-08-16 01:41:11,049 - INFO - monitor - Queue empty, forcing REST fetch...
2026-08-16 01:41:18,655 - INFO - monitor - Queue empty, forcing REST fetch...
2026-08-16 01:41:20,471 - INFO - monitor - Queue empty, forcing REST fetch...
2026-08-16 01:41:28,543 - INFO - monitor - Queue empty, forcing REST fetch...
2026-08-16 01:41:30,037 - INFO - monitor - Queue empty, forcing REST fetch...
2026-08-16 01:41:35,775 - INFO - monitor - Queue empty, forcing REST fetch...
2026-08-16 01:41:39,029 - INFO - monitor - Queue empty, forcing REST fetch...
2026-08-16 01:41:45,384 - INFO - monitor - Queue empty, forcing REST fetch...
2026-08-16 01:41:48,525 - INFO - monitor - Queue empty, forcing REST fetch...
2026-08-16 01:41:54,789 - INFO - monitor - Queue empty, forcing REST fetch...
2026-08-16 01:41:58,256 - INFO - monitor - Queue empty, forcing REST fetch...
2026-08-16 01:42:04,922 - INFO - monitor - Queue empty, forcing REST fetch...
2026-08-16 01:42:09,436 - INFO - monitor - Queue empty, forcing REST fetch...
2026-08-16 01:42:15,891 - INFO - monitor - Queue empty, forcing REST fetch...
2026-08-16 01:42:20,841 - INFO - monitor - Queue empty, forcing REST fetch...
2026-08-16 01:42:25,054 - INFO - monitor - Queue empty, forcing REST fetch...
2026-08-16 01:42:31,491 - INFO - monitor - Queue empty, forcing REST fetch...
2026-08-16 01:42:34,974 - INFO - monitor - Queue empty, forcing REST fetch...
2026-08-16 01:42:40,725 - INFO - monitor - Queue empty, forcing REST fetch...
2026-08-16 01:42:44,491 - INFO - monitor - Queue empty, forcing REST fetch...
2026-08-16 01:42:49,852 - INFO - monitor - Queue empty, forcing REST fetch...
2026-08-16 01:42:53,729 - INFO - monitor - Queue empty, forcing REST fetch...
2026-08-16 01:42:59,065 - INFO - monitor - Queue empty, forcing REST fetch...
2026-08-16 01:43:02,948 - INFO - monitor - Queue empty, forcing REST fetch...
2026-08-16 01:43:08,292 - INFO - monitor - Queue empty, forcing REST fetch...
2026-08-16 01:43:12,448 - INFO - monitor - Queue empty, forcing REST fetch...
2026-08-16 01:43:16,261 - INFO - monitor - Queue empty, forcing REST fetch...
2026-08-16 01:43:21,905 - INFO - monitor - Queue empty, forcing REST fetch...
2026-08-16 01:43:26,345 - INFO - monitor - Queue empty, forcing REST fetch...
2026-08-16 01:43:30,733 - INFO - monitor - Queue empty, forcing REST fetch...
2026-08-16 01:43:34,183 - INFO - monitor - Queue empty, forcing REST fetch...
2026-08-16 01:43:38,630 - INFO - monitor - Queue empty, forcing REST fetch...
2026-08-16 01:43:43,295 - INFO - monitor - Queue empty, forcing REST fetch...
2026-08-16 01:43:47,601 - INFO - monitor - Queue empty, forcing REST fetch...
2026-08-16 01:43:52,642 - INFO - monitor - Queue empty, forcing REST fetch...
2026-08-16 01:43:56,688 - INFO - monitor - Queue empty, forcing REST fetch...
2026-08-16 01:44:01,758 - INFO - monitor - Queue empty, forcing REST fetch...
2026-08-16 01:44:06,733 - INFO - monitor - Queue empty, forcing REST fetch...
2026-08-16 01:44:08,732 - INFO - monitor - Queue empty, forcing REST fetch...
2026-08-16 01:44:16,286 - INFO - monitor - Queue empty, forcing REST fetch...
2026-08-16 01:44:18,907 - INFO - monitor - Queue empty, forcing REST fetch...
2026-08-16 01:44:32,673 - INFO - monitor - Queue empty, forcing REST fetch...
2026-08-16 01:44:34,013 - INFO - monitor - Queue empty, forcing REST fetch...
2026-08-16 01:44:42,670 - INFO - monitor - Queue empty, forcing REST fetch...
2026-08-16 01:44:43,823 - INFO - monitor - Queue empty, forcing REST fetch...
2026-08-16 01:44:52,718 - INFO - monitor - Queue empty, forcing REST fetch...
2026-08-16 01:44:53,035 - INFO - monitor - Queue empty, forcing REST fetch...
2026-08-16 01:45:01,954 - INFO - monitor - Queue empty, forcing REST fetch...
2026-08-16 01:45:02,168 - INFO - monitor - Queue empty, forcing REST fetch...
2026-08-16 01:45:11,669 - INFO - monitor - Queue empty, forcing REST fetch...
2026-08-16 01:45:11,695 - INFO - monitor - Queue empty, forcing REST fetch...
2026-08-16 01:45:18,014 - INFO - monitor - Queue empty, forcing REST fetch...
2026-08-16 01:45:21,201 - INFO - monitor - Queue empty, forcing REST fetch...
2026-08-16 01:45:29,367 - INFO - monitor - Queue empty, forcing REST fetch...
2026-08-16 01:45:32,917 - INFO - monitor - Queue empty, forcing REST fetch...
2026-08-16 01:45:39,510 - INFO - monitor - Queue empty, forcing REST fetch...
2026-08-16 01:45:42,662 - INFO - monitor - Queue empty, forcing REST fetch...
2026-08-16 01:45:49,766 - INFO - monitor - Queue empty, forcing REST fetch...
2026-08-16 01:45:52,706 - INFO - monitor - Queue empty, forcing REST fetch...
2026-08-16 01:45:58,983 - INFO - monitor - Queue empty, forcing REST fetch...
2026-08-16 01:46:02,081 - INFO - monitor - Queue empty, forcing REST fetch...
2026-08-16 01:46:08,168 - INFO - monitor - Queue empty, forcing REST fetch...
2026-08-16 01:46:08,414 - INFO - monitor - Queue empty, forcing REST fetch...
2026-08-16 01:46:14,356 - INFO - monitor - Queue empty, forcing REST fetch...
2026-08-16 01:46:18,173 - INFO - monitor - Queue empty, forcing REST fetch...
2026-08-16 01:46:23,122 - INFO - monitor - Queue empty, forcing REST fetch...
2026-08-16 01:46:27,152 - INFO - monitor - Queue empty, forcing REST fetch...
2026-08-16 01:46:33,094 - INFO - monitor - Queue empty, forcing REST fetch...
2026-08-16 01:46:36,690 - INFO - monitor - Queue empty, forcing REST fetch...
2026-08-16 01:46:40,114 - INFO - monitor - Queue empty, forcing REST fetch...
2026-08-16 01:46:46,486 - INFO - monitor - Queue empty, forcing REST fetch...
2026-08-16 01:46:49,508 - INFO - monitor - Queue empty, forcing REST fetch...
2026-08-16 01:46:55,657 - INFO - monitor - Queue empty, forcing REST fetch...
2026-08-16 01:46:58,684 - INFO - monitor - Queue empty, forcing REST fetch...
2026-08-16 01:47:04,889 - INFO - monitor - Queue empty, forcing REST fetch...
2026-08-16 01:47:09,544 - INFO - monitor - Queue empty, forcing REST fetch...
2026-08-16 01:47:14,608 - INFO - monitor - Queue empty, forcing REST fetch...
2026-08-16 01:47:18,864 - INFO - monitor - Queue empty, forcing REST fetch...
2026-08-16 01:47:23,869 - INFO - monitor - Queue empty, forcing REST fetch...
2026-08-16 01:47:27,962 - INFO - monitor - Queue empty, forcing REST fetch...
2026-08-16 01:47:29,994 - INFO - monitor - Queue empty, forcing REST fetch...
2026-08-16 01:47:34,454 - INFO - main - Received shutdown signal, saving state...
2026-08-16 01:47:34,470 - INFO - main - State saved. Exiting.
